27.6101, 5600, 1950.15, 0.035817, 9520, 3315, 0
27.6201, 5600, 1950, 0, 9520, 3315, 0
27.6301, 5600, 1950, 0.00036063, 9520, 3315, 0
27.6401, 5600, 1950, 0.00036063, 9520, 3315, 0
27.6501, 5600, 1950, 0.00081436, 9520, 3315, 0
27.6601, 5600, 1950, 0.00081436, 9520, 3315, 0
27.6701, 5600, 1950, -0.000173125, 9520, 3315, 0
27.6801, 5600, 1950, -0.000173125, 9520, 3315, 0
27.6901, 5600, 1950, -0.000138342, 9520, 3315, 0
27.7001, 5600, 1950, -0.000964966, 9520, 3315, 0
27.7101, 5600, 1950, -0.000964966, 9520, 3315, 0
27.7201, 5600, 1950, -0.000964966, 9520, 3315, 0
27.7301, 5600, 1950, -0.000461683, 9520, 3315, 0
27.7401, 5600, 1950, -0.000461683, 9520, 3315, 0
27.7501, 5600, 1950, -0.00141474, 9520, 3315, 0
27.7601, 5600, 1950, -0.00141474, 9520, 3315, 0
27.7701, 5600, 1950, -0.00126567, 9520, 3315, 0
27.7801, 5600, 1950, -0.00126567, 9520, 3315, 0
27.7901, 5600, 1950, -0.000293128, 9520, 3315, 0
27.8001, 5600, 1950, -0.000293128, 9520, 3315, 0
27.8101, 5600, 1950, -0.000287019, 9520, 3315, 0
27.8201, 5600, 1950, -0.000287019, 9520, 3315, 0
27.8301, 5600, 1950, -0.00045884, 9520, 3315, 0
27.8401, 5600, 1950, -0.00045884, 9520, 3315, 0
27.8501, 5600, 1950, -0.000992101, 9520, 3315, 0
27.8601, 5600, 1950, -0.000992101, 9520, 3315, 0
27.8701, 5600, 1950, -0.000855293, 9520, 3315, 0
27.8801, 5600, 1950, -0.000855293, 9520, 3315, 0
27.8901, 5600, 1950, -0.000290673, 9520, 3315, 0
27.9001, 5600, 1950, -0.000290673, 9520, 3315, 0
27.9101, 5600, 1950, -0.000502024, 9520, 3315, 0
27.9201, 5600, 1950, -0.000502024, 9520, 3315, 0
27.9301, 5600, 1950, -0.000905968, 9520, 3315, 0
27.9401, 5600, 1950, -0.000905968, 9520, 3315, 0
27.9501, 5600, 1950, -0.000810154, 9520, 3315, 0
27.9601, 5600, 1950, -0.000810154, 9520, 3315, 0
27.9701, 5600, 1950, -0.000467185, 9520, 3315, 0
27.9801, 5600, 1950, -0.000467185, 9520, 3315, 0
27.9901, 5600, 1950, -0.000632599, 9520, 3315, 0
28.0001, 5600, 1950, -0.000632599, 9520, 3315, 0
28.0101, 5600, 1950, 0.000453334, 9520, 3315, 0
28.0201, 5600, 1950, 0.000453334, 9520, 3315, 0
28.0301, 5600, 1950, 0.00121082, 9520, 3315, 0
28.0401, 5600, 1950, 0.00121082, 9520, 3315, 0
28.0501, 5600, 1950, 0.00165274, 9520, 3315, 0
28.0601, 5600, 1950, 0.00165274, 9520, 3315, 0
28.0701, 5600, 1950, 0.00177764, 9520, 3315, 0
28.0801, 5600, 1950, 0.00177764, 9520, 3315, 0
28.0901, 5600, 1950, 0.00179973, 9520, 3315, 0
28.1001, 5600, 1950, 0.00179973, 9520, 3315, 0
28.1101, 5600, 1950, 0.00291292, 9520, 3315, 0
28.1201, 5600, 1950, 0.00291292, 9520, 3315, 0
28.1301, 5600, 1950, 0.00378028, 9520, 3315, 0
28.1401, 5600, 1950, 0.00378028, 9520, 3315, 0
28.1501, 5600, 1950, 0.00464759, 9520, 3315, 0
28.1601, 5600, 1950, 0.00464759, 9520, 3315, 0
28.1701, 5600, 1950, 0.0041375, 9520, 3315, 0
28.1801, 5600, 1950, 0.0041375, 9520, 3315, 0
28.1901, 5600, 1950, 0.00457126, -18.7911, 333.542, -3.9287
28.2001, 5600, 1950, 0.00457126, -18.7911, 333.542, -3.9287
28.2101, 5600, 1950, 0.0046476, -18.7911, 333.542, -3.9287
28.2201, 5600, 1950, 0.0046476, -18.7911, 333.542, -3.9287
28.2301, 5600, 1950, 0.00504132, -18.7911, 333.542, -3.9287
28.2401, 5600, 1950, 0.00504132, -18.7911, 333.542, -3.9287
28.2501, 5600, 1950, 0.00565339, -18.7911, 333.542, -3.9287
28.2601, 5600, 1950, 0.00565339, -18.7911, 333.542, -4.85873
28.2701, 5599.97, 1950.62, 0.00518971, -18.7911, 333.542, -4.85873
28.2801, 5599.97, 1950.62, 0.00518971, -18.7911, 333.542, -4.85873
28.2901, 5600.1, 1951.24, 0.00482535, -18.7911, 333.542, -4.85873
28.3001, 5600.1, 1951.24, 0.00482535, -18.7911, 333.542, -4.85873
28.3101, 5600.22, 1952.17, 0.00368133, -18.7911, 333.542, -4.85873
28.3201, 5600.22, 1952.17, 0.00368133, -18.7911, 333.542, -4.85873
28.3301, 5600.49, 1953.26, 0.00210797, -19.1661, 329.851, -3.16387
28.3401, 5600.49, 1953.26, 0.00210797, -19.1661, 329.851, -3.16387
28.3501, 5600.73, 1954.97, 0.00062586, -19.1661, 329.851, -3.16387
28.3601, 5600.73, 1954.97, 0.00062586, -19.1661, 329.851, -3.16387
28.3701, 5601.11, 1957.3, -0.000377618, -19.1661, 329.851, -3.16387
28.3801, 5601.11, 1957.3, -0.000377618, -19.1661, 329.851, -3.16387
28.3901, 5601.64, 1959.79, -0.00246085, -21.585, 316.903, 2.11495
28.4001, 5601.64, 1959.79, -0.00246085, -21.585, 316.903, 2.11495
28.4101, 5602.17, 1962.74, -0.00511678, -21.585, 316.903, 2.11495
28.4201, 5602.17, 1962.74, -0.00511678, -21.585, 316.903, 2.11495
28.4301, 5603.14, 1966.32, -0.00774518, -21.585, 316.903, 2.11495
28.4401, 5603.14, 1966.32, -0.00774518, -21.585, 316.903, 2.11495
28.4501, 5603.96, 1970.66, -0.0123423, -21.585, 316.903, 2.11495
28.4601, 5603.96, 1970.66, -0.0123423, -25.5165, 332.873, 10.6075
28.4701, 5604.94, 1975.31, -0.0168218, -25.5165, 332.873, 10.6075
28.4801, 5604.94, 1975.31, -0.0168218, -25.5165, 332.873, 10.6075
28.4901, 5605.93, 1980.42, -0.0197192, -25.5165, 332.873, 10.6075
28.5002, 5605.93, 1980.42, -0.0197192, -25.5165, 332.873, 10.6075
28.5101, 5607.09, 1986.15, -0.0246327, -25.5165, 332.873, 10.6075
28.5201, 5607.09, 1986.15, -0.0246327, -25.5165, 332.873, 10.6075
28.5301, 5608.12, 1992.17, -0.0298624, -30.8427, 341.901, 21.1703
28.5401, 5608.12, 1992.17, -0.0298624, -30.8427, 341.901, 21.1703
28.5501, 5609.64, 1998.81, -0.0335042, -30.8427, 341.901, 21.1703
28.5601, 5609.64, 1998.81, -0.0335042, -30.8427, 341.901, 21.1703
28.5701, 5611.17, 2005.45, -0.0365176, -30.8427, 341.901, 21.1703
28.5801, 5611.17, 2005.45, -0.0365176, -30.8427, 341.901, 21.1703
28.5901, 5612.57, 2012.7, -0.0382839, -40.166, 333.512, 32.9026
28.6001, 5612.57, 2012.7, -0.0382839, -40.166, 333.512, 32.9026
28.6101, 5614.14, 2019.79, -0.0394541, -40.166, 333.512, 32.9026
28.6201, 5614.14, 2019.79, -0.0394541, -40.166, 333.512, 32.9026
28.6301, 5615.71, 2027.19, -0.0407759, -40.166, 333.512, 32.9026
28.6401, 5615.71, 2027.19, -0.0407759, -40.166, 333.512, 32.9026
28.6501, 5617.45, 2034.59, -0.04217, -40.166, 333.512, 32.9026
28.6601, 5617.45, 2034.59, -0.04217, -48.4558, 334.948, 36.2424
28.6701, 5618.89, 2041.98, -0.0435876, -48.4558, 334.948, 36.2424
28.6801, 5618.89, 2041.98, -0.0435876, -48.4558, 334.948, 36.2424
28.6901, 5620.03, 2049.38, -0.0431396, -48.4558, 334.948, 36.2424
28.7001, 5620.03, 2049.38, -0.0431396, -48.4558, 334.948, 36.2424
28.7101, 5621.16, 2056.78, -0.0425567, -48.4558, 334.948, 36.2424
28.7201, 5621.16, 2056.78, -0.0425567, -48.4558, 334.948, 36.2424
28.7301, 5622.13, 2063.87, -0.0429023, -54.7626, 338.27, 36.5748
28.7401, 5622.13, 2063.87, -0.0429023, -54.7626, 338.27, 36.5748
28.7502, 5623.11, 2071.27, -0.0426326, -54.7626, 338.27, 36.5748
28.7602, 5623.11, 2071.27, -0.0426326, -54.7626, 338.27, 36.5748
28.7701, 5623.11, 2071.27, -0.0426326, -54.7626, 338.27, 36.5748
28.7801, 5623.11, 2071.27, -0.0426326, -54.7626, 338.27, 36.5748
28.7901, 5623.81, 2085, -0.0414477, -59.2687, 381.537, 35.6217
28.8001, 5623.81, 2085, -0.0414477, -59.2687, 381.537, 35.6217
28.8101, 5623.81, 2085, -0.0414477, -59.2687, 381.537, 35.6217
28.8201, 5623.81, 2085, -0.0414477, -59.2687, 381.537, 35.6217
28.8301, 5623.7, 2098.58, -0.0383728, -59.2687, 381.537, 35.6217
28.8401, 5623.7, 2098.58, -0.0383728, -59.2687, 381.537, 35.6217
28.8501, 5622.79, 2105.06, -0.0352378, -59.2687, 381.537, 35.6217
28.8601, 5622.79, 2105.06, -0.0352378, -57.5257, 398.522, 30.2846
28.8701, 5622.31, 2111.38, -0.0334689, -57.5257, 398.522, 30.2846
28.8801, 5622.31, 2111.38, -0.0334689, -57.5257, 398.522, 30.2846
28.8901, 5621.84, 2117.09, -0.0327492, -57.5257, 398.522, 30.2846
28.9001, 5621.84, 2117.09, -0.0327492, -57.5257, 398.522, 30.2846
28.9101, 5621.84, 2117.09, -0.0327492, -57.5257, 398.522, 30.2846
28.9201, 5621.04, 2122.02, -0.0314825, -57.5257, 398.522, 30.2846
28.9301, 5620.56, 2126.5, -0.0311521, -54.5653, 369.678, 27.0573
28.9401, 5620.56, 2126.5, -0.0311521, -54.5653, 369.678, 27.0573
28.9501, 5620.23, 2130.97, -0.0299771, -54.5653, 369.678, 27.0573
28.9601, 5620.23, 2130.97, -0.0299771, -54.5653, 369.678, 27.0573
28.9701, 5619.58, 2135.13, -0.0284245, -54.5653, 369.678, 27.0573
28.9801, 5619.58, 2135.13, -0.0284245, -54.5653, 369.678, 27.0573
28.9901, 5619.09, 2138.52, -0.0263625, -51.2448, 396.889, 22.6569
29.0001, 5619.09, 2138.52, -0.0263625, -51.2448, 396.889, 22.6569
29.0101, 5618.75, 2141.6, -0.0252644, -51.2448, 396.889, 22.6569
29.0201, 5618.75, 2141.6, -0.0252644, -51.2448, 396.889, 22.6569
29.0301, 5618.57, 2143.92, -0.0241556, -51.2448, 396.889, 22.6569
29.0401, 5618.57, 2143.92, -0.0241556, -51.2448, 396.889, 22.6569
29.0501, 5618.39, 2146.07, -0.0228928, -51.2448, 396.889, 22.6569
29.0601, 5618.39, 2146.07, -0.0228928, -50.0554, 384.048, 19.6749
29.0701, 5618.06, 2147.92, -0.0221094, -50.0554, 384.048, 19.6749
29.0801, 5618.06, 2147.92, -0.0221094, -50.0554, 384.048, 19.6749
29.0901, 5617.73, 2149.61, -0.0213953, -50.0554, 384.048, 19.6749
29.1001, 5617.73, 2149.61, -0.0213953, -50.0554, 384.048, 19.6749
29.1101, 5617.55, 2150.85, -0.0196726, -50.0554, 384.048, 19.6749
29.1201, 5617.55, 2150.85, -0.0196726, -50.0554, 384.048, 19.6749
29.1301, 5617.85, 2151.78, -0.0193061, -48.6294, 435.689, 16.9073
29.1401, 5617.85, 2151.78, -0.0193061, -48.6294, 435.689, 16.9073
29.1501, 5618.15, 2152.09, -0.0191689, -48.6294, 435.689, 16.9073
29.1601, 5618.15, 2152.09, -0.0191689, -48.6294, 435.689, 16.9073
29.1701, 5618.45, 2152.25, -0.0191895, -48.6294, 435.689, 16.9073
29.1801, 5618.45, 2152.25, -0.0191895, -48.6294, 435.689, 16.9073
29.1901, 5618.45, 2152.25, -0.0191895, -50.1642, 433.303, 16.4921
29.2001, 5618.3, 2152.25, -0.0188294, -50.1642, 433.303, 16.4921
29.2101, 5618.15, 2152.09, -0.0196899, -50.1642, 433.303, 16.4921
29.2201, 5618.15, 2152.09, -0.0196899, -50.1642, 433.303, 16.4921
29.2301, 5618, 2151.78, -0.0199124, -50.1642, 433.303, 16.4921
29.2401, 5618, 2151.78, -0.0199124, -50.1642, 433.303, 16.4921
29.2501, 5618.31, 2151.63, -0.0197945, -50.1642, 433.303, 16.4921
29.2601, 5618.31, 2151.63, -0.0197945, -49.919, 434.356, 17.0121
29.2701, 5618.62, 2151.48, -0.020946, -49.919, 434.356, 17.0121
29.2801, 5618.62, 2151.48, -0.020946, -49.919, 434.356, 17.0121
29.2901, 5618.63, 2151.17, -0.0202991, -49.919, 434.356, 17.0121
29.3001, 5618.63, 2151.17, -0.0202991, -49.919, 434.356, 17.0121
29.3101, 5618.63, 2151.17, -0.0201931, -49.919, 434.356, 17.0121
29.3201, 5618.63, 2151.17, -0.0201931, -49.919, 434.356, 17.0121
29.3301, 5618.63, 2151.17, -0.0201931, -50.4556, 435.135, 17.3547
29.3401, 5618.63, 2151.17, -0.0202345, -50.4556, 435.135, 17.3547
29.3501, 5618.63, 2151.17, -0.0202003, -50.4556, 435.135, 17.3547
29.3601, 5618.63, 2151.17, -0.0202003, -50.4556, 435.135, 17.3547
29.3701, 5618.63, 2151.17, -0.0201368, -50.4556, 435.135, 17.3547
29.3801, 5618.63, 2151.17, -0.0201368, -50.4556, 435.135, 17.3547
29.3901, 5618.63, 2151.17, -0.0191798, -50.4556, 435.135, 16.4838
29.4001, 5618.63, 2151.17, -0.0191798, -50.4556, 435.135, 16.4838
29.4101, 5618.63, 2151.17, -0.0204826, -50.4556, 435.135, 16.4838
29.4201, 5618.63, 2151.17, -0.0204826, -50.4556, 435.135, 16.4838
29.4301, 5618.63, 2151.17, -0.0203639, -50.4556, 435.135, 16.4838
29.4401, 5618.63, 2151.17, -0.0203639, -50.4556, 435.135, 16.4838
29.4501, 5618.63, 2151.17, -0.0196014, -50.4556, 435.135, 16.4838
29.4601, 5618.63, 2151.17, -0.0196014, -50.4556, 435.135, 16.8461
29.4701, 5618.63, 2151.17, -0.0196516, -50.4556, 435.135, 16.8461
29.4801, 5618.63, 2151.17, -0.0196516, -50.4556, 435.135, 16.8461
29.4901, 5618.63, 2151.17, -0.0196516, -50.4556, 435.135, 16.8461
29.5001, 5618.62, 2151.33, -0.0200853, -50.4556, 435.135, 16.8461
29.5101, 5618.62, 2151.33, -0.0200853, -50.4556, 435.135, 16.8461
29.5201, 5618.62, 2151.33, -0.0193746, -50.4556, 435.135, 16.8461
29.5301, 5618.62, 2151.33, -0.0192484, -50.4513, 434.872, 16.6512
29.5401, 5618.62, 2151.33, -0.0192484, -50.4513, 434.872, 16.6512
29.5501, 5618.62, 2151.33, -0.0192484, -50.4513, 434.872, 16.6512
29.5601, 5618.62, 2151.33, -0.0192186, -50.4513, 434.872, 16.6512
29.5701, 5618.62, 2151.33, -0.0192186, -50.4513, 434.872, 16.6512
29.5801, 5618.62, 2151.33, -0.0182807, -50.4513, 434.872, 16.6512
29.5901, 5618.62, 2151.33, -0.0182807, -50.4513, 434.872, 15.7111
29.6001, 5618.62, 2151.33, -0.0181369, -50.4513, 434.872, 15.7111
29.6101, 5618.62, 2151.33, -0.0180991, -50.4513, 434.872, 15.7111
29.6201, 5618.62, 2151.33, -0.0180991, -50.4513, 434.872, 15.7111
29.6301, 5618.62, 2151.33, -0.0180991, -50.4513, 434.872, 15.7111
29.6401, 5618.62, 2151.33, -0.0175111, -50.4513, 434.872, 15.7111
29.6501, 5618.62, 2151.33, -0.0175111, -50.4513, 434.872, 15.7111
29.6601, 5618.62, 2151.33, -0.0186019, -50.4513, 434.872, 15.9872
29.6701, 5618.62, 2151.33, -0.0186019, -50.4513, 434.872, 15.9872
29.6801, 5618.62, 2151.33, -0.0193216, -50.4513, 434.872, 15.9872
29.6901, 5618.62, 2151.33, -0.0193216, -50.4513, 434.872, 15.9872
29.7001, 5618.62, 2151.33, -0.0197042, -50.4513, 434.872, 15.9872
29.7101, 5618.62, 2151.33, -0.0197042, -50.4513, 434.872, 15.9872
29.7201, 5618.62, 2151.33, -0.0196067, -50.4513, 434.872, 15.9872
29.7301, 5618.62, 2151.33, -0.0196067, -50.4513, 434.872, 16.8507
29.7401, 5618.62, 2151.33, -0.0200499, -50.4513, 434.872, 16.8507
29.7501, 5618.62, 2151.33, -0.0200499, -50.4513, 434.872, 16.8507
29.7601, 5618.62, 2151.33, -0.020509, -50.4513, 434.872, 16.8507
29.7701, 5618.62, 2151.33, -0.020509, -50.4513, 434.872, 16.8507
29.7801, 5618.62, 2151.33, -0.0203567, -50.4513, 434.872, 16.8507
29.7901, 5618.62, 2151.33, -0.0203567, -50.4513, 434.872, 17.4953
29.8001, 5618.62, 2151.33, -0.0202776, -50.4513, 434.872, 17.4953
29.8101, 5618.62, 2151.33, -0.0202776, -50.4513, 434.872, 17.4953
29.8201, 5618.62, 2151.33, -0.0214997, -50.4513, 434.872, 17.4953
29.8301, 5618.62, 2151.33, -0.0214997, -50.4513, 434.872, 17.4953
29.8401, 5618.62, 2151.33, -0.0214556, -50.4513, 434.872, 17.4953
29.8501, 5618.62, 2151.33, -0.0214556, -50.4513, 434.872, 17.4953
29.8601, 5618.62, 2151.33, -0.0209703, -50.4513, 434.872, 18.0227
29.8701, 5618.62, 2151.33, -0.0209703, -50.4513, 434.872, 18.0227
29.8801, 5618.62, 2151.33, -0.0203044, -50.4513, 434.872, 18.0227
29.8901, 5618.62, 2151.33, -0.0203044, -50.4513, 434.872, 18.0227
29.9001, 5618.62, 2151.33, -0.0202813, -50.4513, 434.872, 18.0227
29.9101, 5618.62, 2151.33, -0.0202813, -50.4513, 434.872, 18.0227
29.9201, 5618.62, 2151.33, -0.0204837, -50.4513, 434.872, 18.0227
29.9301, 5618.62, 2151.33, -0.0204837, -50.4513, 434.872, 17.6045
29.9401, 5618.62, 2151.33, -0.0212152, -50.4513, 434.872, 17.6045
29.9501, 5618.62, 2151.33, -0.0212152, -50.4513, 434.872, 17.6045
29.9601, 5618.62, 2151.33, -0.0218621, -50.4513, 434.872, 17.6045
29.9701, 5618.62, 2151.33, -0.0218621, -50.4513, 434.872, 17.6045
29.9801, 5618.62, 2151.33, -0.0219286, -50.4513, 434.872, 17.6045
29.9901, 5618.62, 2151.33, -0.0219286, -50.4513, 434.872, 18.8462
30.0001, 5618.62, 2151.33, -0.021436, -50.4513, 434.872, 18.8462
30.0101, 5618.62, 2151.33, -0.021436, -50.4513, 434.872, 18.8462
30.0201, 5618.62, 2151.33, -0.0214075, -50.4513, 434.872, 18.8462
30.0301, 5618.62, 2151.33, -0.0214075, -50.4513, 434.872, 18.8462
30.0401, 5618.62, 2151.33, -0.0210981, -50.4513, 434.872, 18.8462
30.0501, 5618.62, 2151.33, -0.0210981, -50.4513, 434.872, 18.8462
30.0601, 5618.62, 2151.33, -0.0211775, -50.4513, 434.872, 18.2008
30.0701, 5618.62, 2151.33, -0.0211775, -50.4513, 434.872, 18.2008
30.0801, 5618.62, 2151.33, -0.0211395, -50.4513, 434.872, 18.2008
30.0901, 5618.62, 2151.33, -0.0211395, -50.4513, 434.872, 18.2008
30.1001, 5618.62, 2151.33, -0.0210602, -50.4513, 434.872, 18.2008
30.1101, 5618.62, 2151.33, -0.0210602, -50.4513, 434.872, 18.2008
30.1201, 5618.62, 2151.33, -0.0204334, -50.4513, 434.872, 18.2008
30.1301, 5618.62, 2151.33, -0.0204334, -50.4513, 434.872, 17.5612
30.1401, 5618.62, 2151.33, -0.0198998, -50.4513, 434.872, 17.5612
30.1501, 5618.62, 2151.33, -0.0198998, -50.4513, 434.872, 17.5612
30.1601, 5618.62, 2151.33, -0.0198187, -50.4513, 434.872, 17.5612
30.1701, 5618.62, 2151.33, -0.0198187, -50.4513, 434.872, 17.5612
30.1801, 5618.62, 2151.33, -0.0196819, -50.4513, 434.872, 17.5612
30.1901, 5618.62, 2151.33, -0.0196819, -50.4513, 434.872, 16.9153
30.2001, 5618.62, 2151.33, -0.0191905, -50.4513, 434.872, 16.9153
30.2101, 5618.62, 2151.33, -0.0191905, -50.4513, 434.872, 16.9153
30.2201, 5618.62, 2151.33, -0.0191633, -50.4513, 434.872, 16.9153
30.2301, 5618.62, 2151.33, -0.0191633, -50.4513, 434.872, 16.9153
30.2401, 5618.62, 2151.33, -0.0195735, -50.4513, 434.872, 16.9153
30.2501, 5618.62, 2151.33, -0.0195735, -50.4513, 434.872, 16.9153
30.2601, 5618.62, 2151.33, -0.0204574, -50.4513, 434.872, 17.5818
30.2701, 5618.62, 2151.33, -0.0204574, -50.4513, 434.872, 17.5818
30.2801, 5618.62, 2151.33, -0.0201569, -50.4513, 434.872, 17.5818
30.2901, 5618.62, 2151.33, -0.0201569, -50.4513, 434.872, 17.5818
30.3001, 5618.62, 2151.33, -0.020404, -50.4513, 434.872, 17.5818
30.3101, 5618.62, 2151.33, -0.020404, -50.4513, 434.872, 17.5818
30.3201, 5618.62, 2151.33, -0.020404, -50.4513, 434.872, 17.5818
30.3301, 5618.62, 2151.33, -0.020404, -50.4513, 434.872, 17.5359
30.3401, 5618.62, 2151.33, -0.0209025, -50.4513, 434.872, 17.5359
30.3501, 5618.62, 2151.33, -0.0209025, -50.4513, 434.872, 17.5359
30.3601, 5618.62, 2151.33, -0.0207454, -50.4513, 434.872, 17.5359
30.3701, 5618.62, 2151.33, -0.0207454, -50.4513, 434.872, 17.5359
30.3801, 5618.62, 2151.33, -0.0207454, -50.4513, 434.872, 17.5359
30.3901, 5618.62, 2151.33, -0.0207454, -50.4513, 434.872, 17.8294
30.4001, 5618.62, 2151.33, -0.0206895, -50.4513, 434.872, 17.8294
30.4101, 5618.62, 2151.33, -0.0206895, -50.4513, 434.872, 17.8294
30.4201, 5618.62, 2151.33, -0.0206895, -50.4513, 434.872, 17.8294
30.4301, 5618.62, 2151.33, -0.0206895, -50.4513, 434.872, 17.8294
30.4401, 5618.62, 2151.33, -0.0192962, -50.4513, 434.872, 17.8294
30.4501, 5618.62, 2151.33, -0.0192962, -50.4513, 434.872, 17.8294
30.4601, 5618.62, 2151.33, -0.0184611, -50.4513, 434.872, 15.8662
30.4701, 5618.62, 2151.33, -0.0184611, -50.4513, 434.872, 15.8662
30.4801, 5618.62, 2151.33, -0.0190023, -50.4513, 434.872, 15.8662
30.4901, 5618.62, 2151.33, -0.0190023, -50.4513, 434.872, 15.8662
30.5001, 5618.62, 2151.33, -0.0192668, -50.4513, 434.872, 15.8662
30.5101, 5618.62, 2151.33, -0.0192668, -50.4513, 434.872, 15.8662
30.5201, 5618.62, 2151.33, -0.0192605, -50.4513, 434.872, 15.8662
30.5302, 5618.62, 2151.33, -0.0192605, -50.4513, 434.872, 16.5532
30.5401, 5618.62, 2151.33, -0.0192605, -50.4513, 434.872, 16.5532
30.5501, 5618.62, 2151.33, -0.0181558, -50.4513, 434.872, 16.5532
30.5601, 5618.62, 2151.33, -0.0191766, -50.4513, 434.872, 16.5532
30.5701, 5618.62, 2151.33, -0.0191766, -50.4513, 434.872, 16.5532
30.5801, 5618.78, 2151.33, -0.0182399, -50.4513, 434.872, 16.5532
30.5901, 5618.78, 2151.33, -0.0182399, -50.7135, 434.868, 15.676
30.6001, 5618.78, 2151.17, -0.0184165, -50.7135, 434.868, 15.676
30.6101, 5618.78, 2151.17, -0.0184165, -50.7135, 434.868, 15.676
30.6201, 5618.93, 2151.18, -0.0182435, -50.7135, 434.868, 15.676
30.6301, 5618.93, 2151.18, -0.0182435, -50.7135, 434.868, 15.676
30.6401, 5618.94, 2151.02, -0.0175953, -50.7135, 434.868, 15.676
30.6501, 5618.94, 2151.02, -0.0175953, -50.7135, 434.868, 15.676
30.6601, 5619.09, 2150.87, -0.0181041, -51.2519, 435.645, 15.5593
30.6701, 5619.09, 2150.87, -0.0181041, -51.2519, 435.645, 15.5593
30.6801, 5619.1, 2150.72, -0.0185881, -51.2519, 435.645, 15.5593
30.6901, 5619.1, 2150.72, -0.0185881, -51.2519, 435.645, 15.5593
30.7001, 5619.25, 2150.57, -0.0189475, -51.2519, 435.645, 15.5593
30.7101, 5619.25, 2150.57, -0.0189475, -51.2519, 435.645, 15.5593
30.7201, 5619.25, 2150.57, -0.0183726, -51.2519, 435.645, 15.5593
30.7301, 5619.25, 2150.57, -0.0183726, -51.5232, 436.165, 15.7901
30.7401, 5619.41, 2150.57, -0.016951, -51.5232, 436.165, 15.7901
30.7501, 5619.41, 2150.57, -0.016951, -51.5232, 436.165, 15.7901
30.7601, 5619.25, 2150.57, -0.0167399, -51.5232, 436.165, 15.7901
30.7701, 5619.25, 2150.57, -0.0167399, -51.5232, 436.165, 15.7901
30.7801, 5619.25, 2150.57, -0.0157269, -51.5232, 436.165, 15.7901
30.7901, 5619.25, 2150.57, -0.0157269, -51.5232, 436.166, 13.5162
30.8001, 5619.25, 2150.57, -0.0139354, -51.5232, 436.166, 13.5162
30.8101, 5619.25, 2150.57, -0.0139354, -51.5232, 436.166, 13.5162
30.8201, 5619.25, 2150.57, -0.0138721, -51.5232, 436.166, 13.5162
30.8301, 5619.25, 2150.57, -0.0138721, -51.5232, 436.166, 13.5162
30.8401, 5619.25, 2150.57, -0.0142308, -51.5232, 436.166, 13.5162
30.8501, 5619.25, 2150.57, -0.0142308, -51.5232, 436.166, 13.5162
30.8601, 5619.1, 2150.56, -0.015297, -51.261, 436.171, 13.1468
30.8701, 5619.1, 2150.56, -0.015297, -51.261, 436.171, 13.1468
30.8801, 5619.1, 2150.41, -0.0158082, -51.261, 436.171, 13.1468
30.8901, 5619.1, 2150.41, -0.0158082, -51.261, 436.171, 13.1468
30.9001, 5619.26, 2150.1, -0.0161984, -51.261, 436.171, 13.1468
30.9101, 5619.26, 2150.1, -0.0161984, -51.261, 436.171, 13.1468
30.9201, 5619.42, 2149.8, -0.0151865, -51.261, 436.171, 13.1468
30.9301, 5619.42, 2149.8, -0.0151865, -51.8117, 437.472, 13.0519
30.9401, 5619.58, 2149.65, -0.0150229, -51.8117, 437.472, 13.0519
30.9501, 5619.58, 2149.65, -0.0150229, -51.8117, 437.472, 13.0519
30.9601, 5619.58, 2149.65, -0.0147948, -51.8117, 437.472, 13.0519
30.9701, 5619.58, 2149.65, -0.0147948, -51.8117, 437.472, 13.0519
30.9801, 5619.57, 2149.95, -0.0144764, -51.8117, 437.472, 13.0519
30.9901, 5619.57, 2149.95, -0.0144764, -52.0683, 437.204, 12.4416
31.0001, 5619.57, 2149.95, -0.0143934, -52.0683, 437.204, 12.4416
31.0101, 5619.57, 2149.95, -0.0143934, -52.0683, 437.204, 12.4416
31.0201, 5619.57, 2150.11, -0.0141423, -52.0683, 437.204, 12.4416
31.0301, 5619.57, 2150.11, -0.0141423, -52.0683, 437.204, 12.4416
31.0401, 5619.41, 2150.41, -0.0139604, -52.0683, 437.204, 12.4416
31.0501, 5619.41, 2150.41, -0.0139604, -52.0683, 437.204, 12.4416
31.0601, 5619.4, 2150.72, -0.0138366, -51.7776, 435.899, 11.8917
31.0701, 5619.4, 2150.72, -0.0138366, -51.7776, 435.899, 11.8917
31.0801, 5619.4, 2150.72, -0.0126258, -51.7776, 435.899, 11.8917
31.0901, 5619.4, 2150.72, -0.0126258, -51.7776, 435.899, 11.8917
31.1001, 5619.4, 2150.72, -0.0120752, -51.7776, 435.899, 11.8917
31.1101, 5619.4, 2150.72, -0.0120752, -51.7776, 435.899, 11.8917
31.1201, 5619.4, 2150.72, -0.012688, -51.7776, 435.899, 11.8917
31.1301, 5619.4, 2150.72, -0.012688, -51.7776, 435.899, 10.9045
31.1401, 5619.56, 2150.57, -0.0128752, -51.7776, 435.899, 10.9045
31.1501, 5619.56, 2150.57, -0.0128752, -51.7776, 435.899, 10.9045
31.1601, 5619.57, 2150.42, -0.011776, -51.7776, 435.899, 10.9045
31.1701, 5619.57, 2150.42, -0.011776, -51.7776, 435.899, 10.9045
31.1801, 5619.72, 2150.42, -0.0116854, -51.7776, 435.899, 10.9045
31.1901, 5619.72, 2150.42, -0.0116854, -52.3142, 436.411, 10.0429
31.2001, 5619.72, 2150.42, -0.0116263, -52.3142, 436.411, 10.0429
31.2101, 5619.72, 2150.42, -0.0116263, -52.3142, 436.411, 10.0429
31.2202, 5619.72, 2150.42, -0.0116105, -52.3142, 436.411, 10.0429
31.2301, 5619.72, 2150.42, -0.0116105, -52.3142, 436.411, 10.0429
31.2401, 5619.72, 2150.42, -0.0108678, -52.3142, 436.411, 10.0429
31.2501, 5619.72, 2150.42, -0.0108678, -52.3142, 436.411, 10.0429
31.2601, 5619.72, 2150.42, -0.0100766, -52.3142, 436.411, 8.66017
31.2701, 5619.72, 2150.42, -0.0100766, -52.3142, 436.411, 8.66017
31.2801, 5619.72, 2150.42, -0.00967043, -52.3142, 436.411, 8.66017
31.2901, 5619.72, 2150.42, -0.00967043, -52.3142, 436.411, 8.66017
31.3001, 5619.72, 2150.42, -0.00951991, -52.3142, 436.411, 8.66017
31.3101, 5619.72, 2150.42, -0.00951991, -52.3142, 436.411, 8.66017
31.3201, 5619.72, 2150.42, -0.0094126, -52.3142, 436.411, 8.66017
31.3301, 5619.72, 2150.42, -0.0094126, -52.3142, 436.411, 8.08954
31.3401, 5619.72, 2150.42, -0.00923008, -52.3142, 436.411, 8.08954
31.3501, 5619.72, 2150.42, -0.00923008, -52.3142, 436.411, 8.08954
31.3601, 5619.88, 2150.27, -0.00820576, -52.3142, 436.411, 8.08954
31.3701, 5619.88, 2150.27, -0.00820576, -52.3142, 436.411, 8.08954
31.3801, 5619.88, 2150.27, -0.0075327, -52.3142, 436.411, 8.08954
31.3901, 5619.88, 2150.27, -0.0075327, -52.5835, 436.666, 6.47388
31.4001, 5619.88, 2150.27, -0.00747099, -52.5835, 436.666, 6.47388
31.4101, 5619.88, 2150.27, -0.00747099, -52.5835, 436.666, 6.47388
31.4201, 5620.03, 2150.28, -0.00730022, -52.5835, 436.666, 6.47388
31.4301, 5620.03, 2150.28, -0.00730022, -52.5835, 436.666, 6.47388
31.4401, 5619.88, 2150.27, -0.00782335, -52.5835, 436.666, 6.47388
31.4501, 5619.88, 2150.27, -0.00782335, -52.5835, 436.666, 6.47388
31.4601, 5619.88, 2150.27, -0.00795391, -52.5835, 436.666, 6.83588
31.4701, 5619.88, 2150.27, -0.00795391, -52.5835, 436.666, 6.83588
31.4801, 5619.88, 2150.27, -0.00795391, -52.5835, 436.666, 6.83588
31.4901, 5619.88, 2150.27, -0.00793471, -52.5835, 436.666, 6.83588
31.5001, 5619.88, 2150.27, -0.00793471, -52.5835, 436.666, 6.83588
31.5101, 5619.88, 2150.27, -0.00786331, -52.5835, 436.666, 6.83588
31.5201, 5619.88, 2150.27, -0.00779824, -52.5835, 436.666, 6.83588
31.5301, 5619.88, 2150.27, -0.00779824, -52.5835, 436.666, 6.70209
31.5401, 5619.88, 2150.27, -0.00648462, -52.5835, 436.666, 6.70209
31.5501, 5619.88, 2150.27, -0.00648462, -52.5835, 436.666, 6.70209
31.5601, 5620.03, 2150.28, -0.00636695, -52.5835, 436.666, 6.70209
31.5701, 5620.03, 2150.28, -0.00636695, -52.5835, 436.666, 6.70209
31.5801, 5620.03, 2150.28, -0.00636695, -52.5835, 436.666, 6.70209
31.5901, 5620.19, 2150.28, -0.00619077, -53.1079, 436.651, 5.32057
31.6001, 5620.19, 2150.28, -0.00619077, -53.1079, 436.651, 5.32057
31.6101, 5620.19, 2150.13, -0.00597705, -53.1079, 436.651, 5.32057
31.6201, 5620.19, 2150.13, -0.00597705, -53.1079, 436.651, 5.32057
31.6301, 5620.2, 2149.97, -0.00588024, -53.1079, 436.651, 5.32057
31.6401, 5620.2, 2149.97, -0.00588024, -53.1079, 436.651, 5.32057
31.6501, 5620.04, 2149.97, -0.0057499, -53.1079, 436.651, 5.32057
31.6601, 5620.04, 2149.97, -0.0057499, -52.8613, 437.183, 4.94168
31.6701, 5620.04, 2149.97, -0.00605499, -52.8613, 437.183, 4.94168
31.6801, 5620.04, 2149.97, -0.00605499, -52.8613, 437.183, 4.94168
31.6901, 5620.04, 2150.12, -0.00679261, -52.8613, 437.183, 4.94168
31.7001, 5620.04, 2150.12, -0.00679261, -52.8613, 437.183, 4.94168
31.7101, 5620.04, 2150.12, -0.00720138, -52.8613, 437.183, 4.94168
31.7201, 5620.04, 2150.12, -0.00720138, -52.8613, 437.183, 4.94168
31.7301, 5620.04, 2150.12, -0.00795912, -52.8536, 436.921, 6.18913
31.7401, 5620.04, 2150.12, -0.00795912, -52.8536, 436.921, 6.18913
31.7501, 5620.04, 2150.12, -0.00784349, -52.8536, 436.921, 6.18913
31.7601, 5620.04, 2150.12, -0.00784349, -52.8536, 436.921, 6.18913
31.7701, 5620.04, 2150.12, -0.00774559, -52.8536, 436.921, 6.18913
31.7801, 5620.04, 2150.12, -0.00774559, -52.8536, 436.921, 6.18913
31.7901, 5620.04, 2150.12, -0.00760366, -52.8536, 436.921, 6.53486
31.8001, 5620.04, 2150.12, -0.00760366, -52.8536, 436.921, 6.53486
31.8101, 5620.04, 2150.12, -0.00803839, -52.8536, 436.921, 6.53486
31.8201, 5620.04, 2150.12, -0.00803839, -52.8536, 436.921, 6.53486
31.8301, 5620.04, 2150.12, -0.00836749, -52.8536, 436.921, 6.53486
31.8401, 5620.04, 2150.12, -0.00836749, -52.8536, 436.921, 6.53486
31.8501, 5620.04, 2150.12, -0.00864386, -52.8536, 436.921, 6.53486
31.8601, 5620.04, 2150.12, -0.00864386, -52.8536, 436.921, 7.42885
31.8701, 5620.04, 2150.12, -0.00857848, -52.8536, 436.921, 7.42885
31.8801, 5620.04, 2150.12, -0.00857848, -52.8536, 436.921, 7.42885
31.8901, 5620.04, 2150.12, -0.00783786, -52.8536, 436.921, 7.42885
31.9001, 5620.04, 2150.12, -0.00783786, -52.8536, 436.921, 7.42885
31.9101, 5620.04, 2150.12, -0.00794462, -52.8536, 436.921, 7.42885
31.9201, 5620.04, 2150.12, -0.00794462, -52.8536, 436.921, 7.42885
31.9301, 5620.04, 2150.12, -0.00790551, -52.8536, 436.921, 6.8279
31.9401, 5620.04, 2150.12, -0.00790551, -52.8536, 436.921, 6.8279
31.9501, 5620.04, 2150.12, -0.00838106, -52.8536, 436.921, 6.8279
31.9601, 5620.04, 2150.12, -0.00838106, -52.8536, 436.921, 6.8279
31.9701, 5620.04, 2150.12, -0.0076274, -52.8536, 436.921, 6.8279
31.9801, 5620.04, 2150.12, -0.0076274, -52.8536, 436.921, 6.8279
31.9901, 5620.04, 2150.12, -0.00683068, -52.8536, 436.921, 5.87054
32.0001, 5620.04, 2150.12, -0.00683068, -52.8536, 436.921, 5.87054
32.0101, 5620.04, 2150.12, -0.0059604, -52.8536, 436.921, 5.87054
32.0201, 5620.04, 2150.12, -0.0059604, -52.8536, 436.921, 5.87054
32.0301, 5620.04, 2150.12, -0.00594199, -52.8536, 436.921, 5.87054
32.0401, 5620.04, 2150.12, -0.00594199, -52.8536, 436.921, 5.87054
32.0501, 5620.04, 2150.12, -0.00564807, -52.8536, 436.921, 5.87054
32.0601, 5620.04, 2150.12, -0.00564807, -52.8536, 436.921, 4.85416
32.0701, 5620.04, 2150.12, -0.00447974, -52.8536, 436.921, 4.85416
32.0801, 5620.04, 2150.12, -0.00447974, -52.8536, 436.921, 4.85416
32.0901, 5620.04, 2150.12, -0.00458369, -52.8536, 436.921, 4.85416
32.1001, 5620.04, 2150.12, -0.00458369, -52.8536, 436.921, 4.85416
32.1101, 5620.04, 2150.12, -0.00495187, -52.8536, 436.921, 4.85416
32.1201, 5620.04, 2150.12, -0.00495187, -52.8536, 436.921, 4.85416
32.1301, 5620.04, 2150.12, -0.00531244, -52.8536, 436.921, 4.25582
32.1401, 5620.04, 2150.12, -0.00531244, -52.8536, 436.921, 4.25582
32.1501, 5620.04, 2150.12, -0.00549949, -52.8536, 436.921, 4.25582
32.1601, 5620.04, 2150.12, -0.00549949, -52.8536, 436.921, 4.25582
32.1701, 5620.04, 2150.12, -0.00579064, -52.8536, 436.921, 4.25582
32.1801, 5620.04, 2150.12, -0.00579064, -52.8536, 436.921, 4.25582
32.1901, 5620.04, 2150.12, -0.00528669, -52.8536, 436.921, 4.54358
32.2001, 5620.04, 2150.12, -0.00528669, -52.8536, 436.921, 4.54358
32.2101, 5620.04, 2150.12, -0.00469824, -52.8536, 436.921, 4.54358
32.2201, 5620.04, 2150.12, -0.00469824, -52.8536, 436.921, 4.54358
32.2301, 5620.04, 2150.12, -0.00462628, -52.8536, 436.921, 4.54358
32.2401, 5620.04, 2150.12, -0.00462628, -52.8536, 436.921, 4.54358
32.2501, 5620.04, 2150.12, -0.00546922, -52.8536, 436.921, 4.54358
32.2601, 5620.04, 2150.12, -0.00546922, -52.8536, 436.921, 4.70045
32.2701, 5620.04, 2150.12, -0.00545712, -52.8536, 436.921, 4.70045
32.2801, 5620.04, 2150.12, -0.00545712, -52.8536, 436.921, 4.70045
32.2901, 5620.04, 2150.12, -0.00544697, -52.8536, 436.921, 4.70045
32.3001, 5620.04, 2150.12, -0.00544697, -52.8536, 436.921, 4.70045
32.3101, 5620.04, 2150.12, -0.00624477, -52.8536, 436.921, 4.70045
32.3201, 5620.04, 2150.12, -0.00624477, -52.8536, 436.921, 4.70045
32.3301, 5620.04, 2150.12, -0.00623726, -52.8536, 436.921, 5.36698
32.3401, 5620.04, 2150.12, -0.00623726, -52.8536, 436.921, 5.36698
32.3501, 5620.04, 2150.12, -0.00571779, -52.8536, 436.921, 5.36698
32.3601, 5620.04, 2150.12, -0.00571779, -52.8536, 436.921, 5.36698
32.3701, 5620.04, 2150.12, -0.00602593, -52.8536, 436.921, 5.36698
32.3801, 5620.04, 2150.12, -0.00602593, -52.8536, 436.921, 5.36698
32.3901, 5620.04, 2150.12, -0.00624802, -52.8536, 436.921, 5.36978
32.4001, 5620.04, 2150.12, -0.00624802, -52.8536, 436.921, 5.36978
32.4101, 5620.04, 2150.12, -0.00804382, -52.8536, 436.921, 5.36978
32.4201, 5620.04, 2150.12, -0.00804382, -52.8536, 436.921, 5.36978
32.4301, 5620.04, 2150.12, -0.007988, -52.8536, 436.921, 5.36978
32.4401, 5620.04, 2150.12, -0.007988, -52.8536, 436.921, 5.36978
32.4501, 5620.04, 2150.12, -0.00792859, -52.8536, 436.921, 5.36978
32.4601, 5620.04, 2150.12, -0.00792859, -52.8536, 436.921, 6.81412
32.4701, 5620.04, 2150.12, -0.00782508, -52.8536, 436.921, 6.81412
32.4801, 5620.04, 2150.12, -0.00782508, -52.8536, 436.921, 6.81412
32.4901, 5620.04, 2150.12, -0.00780235, -52.8536, 436.921, 6.81412
32.5001, 5620.04, 2150.12, -0.00780235, -52.8536, 436.921, 6.81412
32.5101, 5620.04, 2150.12, -0.00882753, -52.8536, 436.921, 6.81412
32.5201, 5620.04, 2150.12, -0.00882753, -52.8536, 436.921, 6.81412
32.5301, 5620.04, 2150.12, -0.00847316, -52.8536, 436.921, 7.5867
32.5401, 5620.04, 2150.12, -0.00847316, -52.8536, 436.921, 7.5867
32.5501, 5620.04, 2150.12, -0.00819803, -52.8536, 436.921, 7.5867
32.5601, 5620.04, 2150.12, -0.00819803, -52.8536, 436.921, 7.5867
32.5701, 5620.04, 2150.12, -0.00773537, -52.8536, 436.921, 7.5867
32.5801, 5620.04, 2150.12, -0.00773537, -52.8536, 436.921, 7.5867
32.5901, 5620.04, 2150.12, -0.00708244, -52.8536, 436.921, 6.08691
32.6001, 5620.04, 2150.12, -0.00708244, -52.8536, 436.921, 6.08691
32.6101, 5620.04, 2150.12, -0.00746602, -52.8536, 436.921, 6.08691
32.6201, 5620.04, 2150.12, -0.00746602, -52.8536, 436.921, 6.08691
32.6301, 5620.04, 2150.12, -0.00795949, -52.8536, 436.921, 6.08691
32.6401, 5620.04, 2150.12, -0.00795949, -52.8536, 436.921, 6.08691
32.6501, 5620.04, 2150.12, -0.00696637, -52.8536, 436.921, 6.08691
32.6601, 5620.04, 2150.12, -0.00696637, -52.8536, 436.921, 5.98715
32.6701, 5620.04, 2150.12, -0.00683131, -52.8536, 436.921, 5.98715
32.6801, 5620.04, 2150.12, -0.00683131, -52.8536, 436.921, 5.98715
32.6901, 5620.04, 2150.12, -0.00678219, -52.8536, 436.921, 5.98715
32.7001, 5620.04, 2150.12, -0.00678219, -52.8536, 436.921, 5.98715
32.7101, 5620.04, 2150.12, -0.00550156, -52.8536, 436.921, 5.98715
32.7201, 5620.04, 2150.12, -0.00550156, -52.8536, 436.921, 5.98715
32.7301, 5620.04, 2150.12, -0.00527626, -52.8536, 436.921, 4.72824
32.7401, 5620.04, 2150.12, -0.00527626, -52.8536, 436.921, 4.72824
32.7501, 5620.04, 2150.12, -0.00523147, -52.8536, 436.921, 4.72824
32.7601, 5620.04, 2150.12, -0.00523147, -52.8536, 436.921, 4.72824
32.7701, 5620.04, 2150.12, -0.00565274, -52.8536, 436.921, 4.72824
32.7801, 5620.04, 2150.12, -0.00565274, -52.8536, 436.921, 4.72824
32.7901, 5620.04, 2150.12, -0.00464733, -52.8536, 436.921, 3.99409
32.8001, 5620.04, 2150.12, -0.00464733, -52.8536, 436.921, 3.99409
32.8101, 5620.04, 2150.12, -0.00460919, -52.8536, 436.921, 3.99409
32.8201, 5620.04, 2150.12, -0.00460919, -52.8536, 436.921, 3.99409
32.8301, 5620.04, 2150.12, -0.00517932, -52.8536, 436.921, 3.99409
32.8401, 5620.04, 2150.12, -0.00517932, -52.8536, 436.921, 3.99409
32.8501, 5620.04, 2150.12, -0.00533973, -52.8536, 436.921, 3.99409
32.8601, 5620.04, 2150.12, -0.00533973, -52.8536, 436.921, 4.58916
32.8701, 5620.04, 2150.12, -0.00466527, -52.8536, 436.921, 4.58916
32.8801, 5620.04, 2150.12, -0.00466527, -52.8536, 436.921, 4.58916
32.8901, 5620.04, 2150.12, -0.00529107, -52.8536, 436.921, 4.58916
32.9001, 5620.04, 2150.12, -0.00529107, -52.8536, 436.921, 4.58916
32.9101, 5620.04, 2150.12, -0.00480187, -52.8536, 436.921, 4.58916
32.9201, 5620.04, 2150.12, -0.00480187, -52.8536, 436.921, 4.58916
32.9301, 5620.04, 2150.12, -0.00474011, -52.8536, 436.921, 4.1269
32.9401, 5620.04, 2150.12, -0.00474011, -52.8536, 436.921, 4.1269
32.9501, 5620.04, 2150.12, -0.00467067, -52.8536, 436.921, 4.1269
32.9601, 5620.04, 2150.12, -0.00467067, -52.8536, 436.921, 4.1269
32.9701, 5620.04, 2150.12, -0.00493967, -52.8536, 436.921, 4.1269
32.9801, 5620.04, 2150.12, -0.00493967, -52.8536, 436.921, 4.1269
32.9901, 5620.04, 2150.12, -0.00632022, -52.8536, 436.921, 5.43183
33.0001, 5620.04, 2150.12, -0.00632022, -52.8536, 436.921, 5.43183
33.0101, 5620.04, 2150.12, -0.00666492, -52.8536, 436.921, 5.43183
33.0201, 5620.04, 2150.12, -0.00666492, -52.8536, 436.921, 5.43183
33.0301, 5620.04, 2150.12, -0.00687612, -52.8536, 436.921, 5.43183
33.0401, 5620.04, 2150.12, -0.00687612, -52.8536, 436.921, 5.43183
33.0501, 5620.04, 2150.12, -0.00625119, -52.8536, 436.921, 5.43183
33.0601, 5620.04, 2150.12, -0.00625119, -52.8536, 436.921, 5.3725
33.0701, 5620.04, 2150.12, -0.00516844, -52.8536, 436.921, 5.3725
33.0801, 5620.04, 2150.12, -0.00516844, -52.8536, 436.921, 5.3725
33.0901, 5620.04, 2150.12, -0.00571108, -52.8536, 436.921, 5.3725
33.1001, 5620.04, 2150.12, -0.00571108, -52.8536, 436.921, 5.3725
33.1101, 5620.04, 2150.12, -0.0058214, -52.8536, 436.921, 5.3725
33.1201, 5620.04, 2150.12, -0.0058214, -52.8536, 436.921, 5.3725
33.1301, 5620.04, 2150.12, -0.00558399, -52.8536, 436.921, 5.00313
33.1401, 5620.04, 2150.12, -0.00558399, -52.8536, 436.921, 5.00313
33.1501, 5620.04, 2150.12, -0.00451654, -52.8536, 436.921, 5.00313
33.1601, 5620.04, 2150.12, -0.00451654, -52.8536, 436.921, 5.00313
33.1701, 5620.04, 2150.12, -0.00592453, -52.8536, 436.921, 5.00313
33.1801, 5620.04, 2150.12, -0.00592453, -52.8536, 436.921, 5.00313
33.1901, 5620.04, 2150.12, -0.00666735, -52.8536, 436.921, 5.73016
33.2001, 5620.04, 2150.12, -0.00666735, -52.8536, 436.921, 5.73016
33.2101, 5620.04, 2150.12, -0.00681981, -52.8536, 436.921, 5.73016
33.2201, 5620.04, 2150.12, -0.00681981, -52.8536, 436.921, 5.73016
33.2301, 5620.04, 2150.12, -0.00723605, -52.8536, 436.921, 5.73016
33.2401, 5620.04, 2150.12, -0.00723605, -52.8536, 436.921, 5.73016
33.2501, 5620.04, 2150.12, -0.00730861, -52.8536, 436.921, 5.73016
33.2601, 5620.04, 2150.12, -0.00730861, -52.8536, 436.921, 6.28129
33.2701, 5620.04, 2150.12, -0.00807354, -52.8536, 436.921, 6.28129
33.2801, 5620.04, 2150.12, -0.00807354, -52.8536, 436.921, 6.28129
33.2901, 5620.04, 2150.12, -0.00800439, -52.8536, 436.921, 6.28129
33.3001, 5620.04, 2150.12, -0.00800439, -52.8536, 436.921, 6.28129
33.3101, 5620.04, 2150.12, -0.00739714, -52.8536, 436.921, 6.28129
33.3201, 5620.04, 2150.12, -0.00739714, -52.8536, 436.921, 6.28129
33.3301, 5620.04, 2150.12, -0.00673702, -52.8536, 436.921, 6.35737
33.3401, 5620.04, 2150.12, -0.00673702, -52.8536, 436.921, 6.35737
33.3501, 5620.04, 2150.12, -0.00564637, -52.8536, 436.921, 6.35737
33.3601, 5620.04, 2150.12, -0.00564637, -52.8536, 436.921, 6.35737
33.3701, 5620.04, 2150.12, -0.00481629, -52.8536, 436.921, 6.35737
33.3801, 5620.04, 2150.12, -0.00481629, -52.8536, 436.921, 6.35737
33.3901, 5620.04, 2150.12, -0.00453994, -52.8536, 436.921, 3.90179
33.4001, 5620.04, 2150.12, -0.00453994, -52.8536, 436.921, 3.90179
33.4101, 5620.04, 2150.12, -0.0049294, -52.8536, 436.921, 3.90179
33.4201, 5620.04, 2150.12, -0.0049294, -52.8536, 436.921, 3.90179
33.4301, 5620.04, 2150.12, -0.0040365, -52.8536, 436.921, 3.90179
33.4401, 5620.04, 2150.12, -0.0040365, -52.8536, 436.921, 3.90179
33.4501, 5620.04, 2150.12, -0.0040365, -52.8536, 436.921, 3.90179
33.4601, 5620.04, 2150.12, -0.00399439, -52.8536, 436.921, 3.43292
33.4701, 5620.04, 2150.12, -0.00442662, -52.8536, 436.921, 3.43292
33.4801, 5620.04, 2150.12, -0.00442662, -52.8536, 436.921, 3.43292
33.4901, 5620.04, 2150.12, -0.00438392, -52.8536, 436.921, 3.43292
33.5001, 5620.04, 2150.12, -0.00438392, -52.8536, 436.921, 3.43292
33.5101, 5620.04, 2150.12, -0.00438392, -52.8536, 436.921, 3.43292
33.5201, 5620.04, 2150.12, -0.00414076, -52.8536, 436.921, 3.43292
33.5301, 5620.04, 2150.12, -0.00389119, -52.8536, 436.921, 3.55872
33.5401, 5620.04, 2150.12, -0.00389119, -52.8536, 436.921, 3.55872
33.5501, 5620.04, 2150.12, -0.0038731, -52.8536, 436.921, 3.55872
33.5601, 5620.04, 2150.12, -0.0038731, -52.8536, 436.921, 3.55872
33.5701, 5620.04, 2150.12, -0.0038731, -52.8536, 436.921, 3.55872
33.5801, 5620.04, 2150.12, -0.00354401, -52.8536, 436.921, 3.55872
33.5901, 5620.04, 2150.12, -0.00354401, -52.8536, 436.921, 3.04585
33.6001, 5620.04, 2150.12, -0.00326051, -52.8536, 436.921, 3.04585
33.6101, 5620.04, 2150.12, -0.00326051, -52.8536, 436.921, 3.04585
33.6201, 5620.04, 2150.12, -0.00278263, -52.8536, 436.921, 3.04585
33.6301, 5620.04, 2150.12, -0.00278263, -52.8536, 436.921, 3.04585
33.6401, 5620.04, 2150.12, -0.00298609, -52.8536, 436.921, 3.04585
33.6501, 5620.04, 2150.12, -0.0033639, -52.8536, 436.921, 3.04585
33.6601, 5620.04, 2150.12, -0.0033639, -52.8536, 436.921, 2.89106
33.6701, 5620.04, 2150.12, -0.00411627, -52.8536, 436.921, 2.89106
33.6801, 5620.04, 2150.12, -0.00411627, -52.8536, 436.921, 2.89106
33.6901, 5620.04, 2150.12, -0.00411627, -52.8536, 436.921, 2.89106
33.7001, 5620.04, 2150.12, -0.0046378, -52.8536, 436.921, 2.89106
33.7101, 5620.04, 2150.12, -0.0046378, -52.8536, 436.921, 2.89106
33.7201, 5620.04, 2150.12, -0.00456416, -52.8536, 436.921, 2.89106
33.7301, 5620.04, 2150.12, -0.00456416, -52.8536, 436.921, 3.92261
33.7401, 5620.04, 2150.12, -0.00450936, -52.8536, 436.921, 3.92261
33.7501, 5620.19, 2150.13, -0.00449106, -52.8536, 436.921, 3.92261
33.7602, 5620.19, 2150.13, -0.00449106, -52.8536, 436.921, 3.92261
33.7701, 5620.19, 2150.13, -0.00449106, -52.8536, 436.921, 3.92261
33.7801, 5620.19, 2150.13, -0.0043931, -52.8536, 436.921, 3.92261
33.7901, 5620.19, 2150.13, -0.0043931, -53.1157, 436.912, 3.77559
33.8001, 5620.19, 2150.13, -0.00433727, -53.1157, 436.912, 3.77559
33.8101, 5620.19, 2150.13, -0.00433727, -53.1157, 436.912, 3.77559
33.8201, 5620.19, 2150.13, -0.00388421, -53.1157, 436.912, 3.77559
33.8301, 5620.19, 2150.13, -0.00388421, -53.1157, 436.912, 3.77559
33.8401, 5620.19, 2150.13, -0.00362488, -53.1157, 436.912, 3.77559
33.8501, 5620.19, 2150.13, -0.00362488, -53.1157, 436.912, 3.77559
33.8601, 5620.19, 2150.13, -0.00337133, -53.1157, 436.912, 2.89744
33.8701, 5620.19, 2150.13, -0.00337133, -53.1157, 436.912, 2.89744
33.8801, 5620.19, 2150.13, -0.00285393, -53.1157, 436.912, 2.89744
33.8901, 5620.19, 2150.13, -0.00285393, -53.1157, 436.912, 2.89744
33.9001, 5620.19, 2150.13, -0.00277853, -53.1157, 436.912, 2.89744
33.9101, 5620.19, 2150.13, -0.00277853, -53.1157, 436.912, 2.89744
33.9201, 5620.19, 2150.13, -0.00250358, -53.1157, 436.912, 2.89744
33.9301, 5620.19, 2150.13, -0.00250358, -53.1157, 436.912, 2.15167
33.9401, 5620.19, 2150.13, -0.00220258, -53.1157, 436.912, 2.15167
33.9501, 5620.19, 2150.13, -0.00220258, -53.1157, 436.912, 2.15167
33.9601, 5620.19, 2150.13, -0.00241065, -53.1157, 436.912, 2.15167
33.9701, 5620.19, 2150.13, -0.00241065, -53.1157, 436.912, 2.15167
33.9801, 5620.19, 2150.13, -0.00314803, -53.1157, 436.912, 2.15167
33.9901, 5620.19, 2150.13, -0.00314803, -53.1157, 436.912, 2.70553
34.0001, 5620.19, 2150.13, -0.00381384, -53.1157, 436.912, 2.70553
34.0101, 5620.19, 2150.13, -0.00381384, -53.1157, 436.912, 2.70553
34.0201, 5620.19, 2150.13, -0.00377009, -53.1157, 436.912, 2.70553
34.0301, 5620.19, 2150.13, -0.00377009, -53.1157, 436.912, 2.70553
34.0401, 5620.19, 2150.13, -0.00343847, -53.1157, 436.912, 2.70553
34.0501, 5620.19, 2150.13, -0.00343847, -53.1157, 436.912, 2.70553
34.0601, 5620.19, 2150.13, -0.00313073, -53.1157, 436.912, 2.69066
34.0701, 5620.19, 2150.13, -0.00313073, -53.1157, 436.912, 2.69066
34.0801, 5620.19, 2150.13, -0.00307526, -53.1157, 436.912, 2.69066
34.0901, 5620.19, 2150.13, -0.00307526, -53.1157, 436.912, 2.69066
34.1001, 5620.19, 2150.13, -0.00306745, -53.1157, 436.912, 2.69066
34.1101, 5620.19, 2150.13, -0.00306745, -53.1157, 436.912, 2.69066
34.1201, 5620.19, 2150.13, -0.0030047, -53.1157, 436.912, 2.69066
34.1301, 5620.19, 2150.13, -0.0030047, -53.1157, 436.912, 2.58235
34.1401, 5620.19, 2150.13, -0.00295519, -53.1157, 436.912, 2.58235
34.1501, 5620.19, 2150.13, -0.00295519, -53.1157, 436.912, 2.58235
34.1601, 5620.19, 2150.13, -0.00288819, -53.1157, 436.912, 2.58235
34.1701, 5620.19, 2150.13, -0.00288819, -53.1157, 436.912, 2.58235
34.1801, 5620.19, 2150.13, -0.0020541, -53.1157, 436.912, 2.58235
34.1901, 5620.19, 2150.13, -0.0020541, -53.1157, 436.912, 1.76537
34.2001, 5620.19, 2150.13, -0.00170526, -53.1157, 436.912, 1.76537
34.2101, 5620.19, 2150.13, -0.00170526, -53.1157, 436.912, 1.76537
34.2201, 5620.19, 2150.13, -0.00167925, -53.1157, 436.912, 1.76537
34.2301, 5620.19, 2150.13, -0.00167925, -53.1157, 436.912, 1.76537
34.2401, 5620.19, 2150.13, -0.000433061, -53.1157, 436.912, 1.76537
34.2501, 5620.19, 2150.13, -0.000433061, -53.1157, 436.912, 1.76537
34.2601, 5620.19, 2150.13, -0.000952907, -53.1157, 436.912, 0.818963
34.2701, 5620.19, 2150.13, -0.000952907, -53.1157, 436.912, 0.818963
34.2801, 5620.19, 2150.13, -0.001805, -53.1157, 436.912, 0.818963
34.2901, 5620.19, 2150.13, -0.001805, -53.1157, 436.912, 0.818963
34.3001, 5620.19, 2150.13, -0.0020021, -53.1157, 436.912, 0.818963
34.3101, 5620.19, 2150.13, -0.0020021, -53.1157, 436.912, 0.818963
34.3201, 5620.19, 2150.13, -0.00196156, -53.1157, 436.912, 0.818963
34.3301, 5620.19, 2150.13, -0.00196156, -53.1157, 436.912, 1.68584
34.3401, 5620.19, 2150.13, -0.0019387, -53.1157, 436.912, 1.68584
34.3501, 5620.19, 2150.13, -0.0019387, -53.1157, 436.912, 1.68584
34.3601, 5620.19, 2150.13, -0.00161382, -53.1157, 436.912, 1.68584
34.3701, 5620.19, 2150.13, -0.00161382, -53.1157, 436.912, 1.68584
34.3801, 5620.19, 2150.13, 0.000556912, -53.1157, 436.912, 1.68584
34.3901, 5620.19, 2150.13, 0.000556912, -53.1157, 436.912, -0.478631
34.4001, 5620.19, 2150.13, 0.000562806, -53.1157, 436.912, -0.478631
34.4101, 5620.19, 2150.13, 0.000562806, -53.1157, 436.912, -0.478631
34.4201, 5620.19, 2150.13, 0.000585534, -53.1157, 436.912, -0.478631
34.4301, 5620.19, 2150.13, 0.000585534, -53.1157, 436.912, -0.478631
34.4401, 5620.19, 2150.13, 0.00014548, -53.1157, 436.912, -0.478631
34.4501, 5620.19, 2150.13, 0.00014548, -53.1157, 436.912, -0.478631
34.4601, 5620.19, 2150.13, -0.000260554, -53.1157, 436.912, 0.22393
34.4701, 5620.19, 2150.13, -0.000260554, -53.1157, 436.912, 0.22393
34.4801, 5620.19, 2150.13, -0.000644155, -53.1157, 436.912, 0.22393
34.4901, 5620.19, 2150.13, -0.000644155, -53.1157, 436.912, 0.22393
34.5001, 5620.19, 2150.13, -0.000585437, -53.1157, 436.912, 0.22393
34.5101, 5620.19, 2150.13, -0.000585437, -53.1157, 436.912, 0.22393
34.5201, 5620.19, 2150.13, 0.00025082, -53.1157, 436.912, 0.22393
34.5301, 5620.19, 2150.13, 0.00025082, -53.1157, 436.912, -0.215564
34.5401, 5620.19, 2150.13, 0.000266466, -53.1157, 436.912, -0.215564
34.5501, 5620.19, 2150.13, 0.000266466, -53.1157, 436.912, -0.215564
34.5601, 5620.19, 2150.13, 0.000789482, -53.1157, 436.912, -0.215564
34.5701, 5620.19, 2150.13, 0.000789482, -53.1157, 436.912, -0.215564
34.5801, 5620.19, 2150.13, 0.000879247, -53.1157, 436.912, -0.215564
34.5901, 5620.19, 2150.13, 0.000879247, -53.1157, 436.912, -0.755657
34.6001, 5620.19, 2150.13, 0.00090066, -53.1157, 436.912, -0.755657
34.6101, 5620.19, 2150.13, 0.00090066, -53.1157, 436.912, -0.755657
34.6201, 5620.19, 2150.13, 0.000974648, -53.1157, 436.912, -0.755657
34.6301, 5620.19, 2150.13, 0.000974648, -53.1157, 436.912, -0.755657
34.6401, 5620.19, 2150.13, 0.000951614, -53.1157, 436.912, -0.755657
34.6501, 5620.19, 2150.13, 0.000951614, -53.1157, 436.912, -0.755657
34.6601, 5620.19, 2150.13, 0.000435434, -53.1157, 436.912, -0.374228
34.6701, 5620.19, 2150.13, 0.000435434, -53.1157, 436.912, -0.374228
34.6801, 5620.19, 2150.13, 0.000469971, -53.1157, 436.912, -0.374228
34.6901, 5620.19, 2150.13, 0.000469971, -53.1157, 436.912, -0.374228
34.7001, 5620.19, 2150.13, 0.000512999, -53.1157, 436.912, -0.374228
34.7101, 5620.19, 2150.13, 0.000512999, -53.1157, 436.912, -0.374228
34.7201, 5620.19, 2150.13, 0.000569962, -53.1157, 436.912, -0.374228
34.7301, 5620.19, 2150.13, 0.000569962, -53.1157, 436.912, -0.489846
34.7401, 5620.19, 2150.13, 0.00127285, -53.1157, 436.912, -0.489846
34.7501, 5620.19, 2150.13, 0.00127285, -53.1157, 436.912, -0.489846
34.7601, 5620.19, 2150.13, 0.00129413, -53.1157, 436.912, -0.489846
34.7701, 5620.19, 2150.13, 0.00129413, -53.1157, 436.912, -0.489846
34.7801, 5620.19, 2150.13, 0.0020936, -53.1157, 436.912, -0.489846
34.7901, 5620.19, 2150.13, 0.0020936, -53.1157, 436.912, -1.79932
34.8001, 5620.19, 2150.13, 0.0021049, -53.1157, 436.912, -1.79932
34.8101, 5620.19, 2150.13, 0.0021049, -53.1157, 436.912, -1.79932
34.8201, 5620.19, 2150.13, 0.00210252, -53.1157, 436.912, -1.79932
34.8301, 5620.19, 2150.13, 0.00210252, -53.1157, 436.912, -1.79932
34.8401, 5620.19, 2150.13, 0.00211486, -53.1157, 436.912, -1.79932
34.8501, 5620.19, 2150.13, 0.00211486, -53.1157, 436.912, -1.79932
34.8601, 5620.19, 2150.13, 0.00214989, -53.1157, 436.912, -1.84769
34.8701, 5620.19, 2150.13, 0.00214989, -53.1157, 436.912, -1.84769
34.8801, 5620.19, 2150.13, 0.00190988, -53.1157, 436.912, -1.84769
34.8901, 5620.19, 2150.13, 0.00190988, -53.1157, 436.912, -1.84769
34.9001, 5620.19, 2150.13, 0.00273844, -53.1157, 436.912, -1.84769
34.9101, 5620.19, 2150.13, 0.00273844, -53.1157, 436.912, -1.84769
34.9201, 5620.19, 2150.13, 0.00276079, -53.1157, 436.912, -1.84769
34.9301, 5620.19, 2150.13, 0.00276079, -53.1157, 436.912, -2.37272
34.9401, 5620.19, 2150.13, 0.00282416, -53.1157, 436.912, -2.37272
34.9501, 5620.19, 2150.13, 0.00282416, -53.1157, 436.912, -2.37272
34.9601, 5620.19, 2150.13, 0.00218645, -53.1157, 436.912, -2.37272
34.9701, 5620.19, 2150.13, 0.00218645, -53.1157, 436.912, -2.37272
34.9801, 5620.19, 2150.13, 0.00142656, -53.1157, 436.912, -2.37272
34.9901, 5620.19, 2150.13, 0.00142656, -53.1157, 436.912, -1.22604
35.0001, 5620.19, 2150.13, 0.00146727, -53.1157, 436.912, -1.22604
35.0101, 5620.19, 2150.13, 0.00146727, -53.1157, 436.912, -1.22604
35.0201, 5620.19, 2150.13, 0.0014905, -53.1157, 436.912, -1.22604
35.0301, 5620.19, 2150.13, 0.0014905, -53.1157, 436.912, -1.22604
35.0401, 5620.19, 2150.13, 0.00299031, -53.1157, 436.912, -1.22604
35.0501, 5620.19, 2150.13, 0.00299031, -53.1157, 436.912, -1.22604
35.0601, 5620.19, 2150.13, 0.00387602, -53.1157, 436.912, -3.3312
35.0701, 5620.19, 2150.13, 0.00387602, -53.1157, 436.912, -3.3312
35.0801, 5620.19, 2150.13, 0.0038978, -53.1157, 436.912, -3.3312
35.0901, 5620.19, 2150.13, 0.0038978, -53.1157, 436.912, -3.3312
35.1001, 5620.19, 2150.13, 0.00397452, -53.1157, 436.912, -3.3312
35.1101, 5620.19, 2150.13, 0.00397452, -53.1157, 436.912, -3.3312
35.1201, 5620.19, 2150.13, 0.00480048, -53.1157, 436.912, -3.3312
35.1301, 5620.19, 2150.13, 0.00480048, -53.1157, 436.912, -4.12571
35.1401, 5620.19, 2150.13, 0.00488242, -53.1157, 436.912, -4.12571
35.1501, 5620.19, 2150.13, 0.00488242, -53.1157, 436.912, -4.12571
35.1601, 5620.19, 2150.13, 0.0042774, -53.1157, 436.912, -4.12571
35.1701, 5620.19, 2150.13, 0.0042774, -53.1157, 436.912, -4.12571
35.1801, 5620.19, 2150.13, 0.00543145, -53.1157, 436.912, -4.12571
35.1901, 5620.19, 2150.13, 0.00543145, -53.1157, 436.912, -4.66799
35.2001, 5620.19, 2150.13, 0.00617195, -53.1157, 436.912, -4.66799
35.2101, 5620.19, 2150.13, 0.00617195, -53.1157, 436.912, -4.66799
35.2201, 5620.19, 2150.13, 0.00617212, -53.1157, 436.912, -4.66799
35.2301, 5620.19, 2150.13, 0.00617212, -53.1157, 436.912, -4.66799
35.2401, 5620.19, 2150.13, 0.0045002, -53.1157, 436.912, -4.66799
35.2501, 5620.19, 2150.13, 0.0045002, -53.1157, 436.912, -4.66799
35.2601, 5620.19, 2150.13, 0.00455585, -53.1157, 436.912, -3.91546
35.2701, 5620.19, 2150.13, 0.00455585, -53.1157, 436.912, -3.91546
35.2801, 5620.19, 2150.13, 0.00532214, -53.1157, 436.912, -3.91546
35.2901, 5620.19, 2150.13, 0.00532214, -53.1157, 436.912, -3.91546
35.3001, 5620.19, 2150.13, 0.00581299, -53.1157, 436.912, -3.91546
35.3101, 5620.19, 2150.13, 0.00581299, -53.1157, 436.912, -3.91546
35.3201, 5620.19, 2150.13, 0.00584169, -53.1157, 436.912, -3.91546
35.3301, 5620.19, 2150.13, 0.00584169, -53.1157, 436.912, -5.02056
35.3401, 5620.19, 2150.13, 0.0058707, -53.1157, 436.912, -5.02056
35.3501, 5620.19, 2150.13, 0.0058707, -53.1157, 436.912, -5.02056
35.3601, 5620.19, 2150.13, 0.00634379, -53.1157, 436.912, -5.02056
35.3701, 5620.19, 2150.13, 0.00634379, -53.1157, 436.912, -5.02056
35.3801, 5620.18, 2150.28, 0.0058156, -53.1157, 436.912, -5.02056
35.3901, 5620.18, 2150.28, 0.0058156, -53.1048, 436.65, -4.99814
35.4001, 5620.18, 2150.28, 0.00555573, -53.1048, 436.65, -4.99814
35.4101, 5620.18, 2150.28, 0.00555573, -53.1048, 436.65, -4.99814
35.4201, 5620.18, 2150.28, 0.0055785, -53.1048, 436.65, -4.99814
35.4301, 5620.18, 2150.28, 0.0055785, -53.1048, 436.65, -4.99814
35.4401, 5620.18, 2150.28, 0.00560649, -53.1048, 436.65, -4.99814
35.4501, 5620.18, 2150.28, 0.00560649, -53.1048, 436.65, -4.99814
35.4601, 5620.18, 2150.28, 0.00556726, -53.1048, 436.65, -4.78471
35.4701, 5620.18, 2150.28, 0.00556726, -53.1048, 436.65, -4.78471
35.4801, 5620.18, 2150.28, 0.00481447, -53.1048, 436.65, -4.78471
35.4901, 5620.18, 2150.28, 0.00481447, -53.1048, 436.65, -4.78471
35.5001, 5620.18, 2150.28, 0.00584807, -53.1048, 436.65, -4.78471
35.5101, 5620.18, 2150.28, 0.00584807, -53.1048, 436.65, -4.78471
35.5201, 5620.18, 2150.28, 0.00572998, -53.1048, 436.65, -4.78471
35.5301, 5620.18, 2150.28, 0.00572998, -53.1048, 436.65, -4.92455
35.5401, 5620.18, 2150.28, 0.00577336, -53.1048, 436.65, -4.92455
35.5501, 5620.18, 2150.28, 0.00577336, -53.1048, 436.65, -4.92455
35.5601, 5620.18, 2150.28, 0.0069215, -53.1048, 436.65, -4.92455
35.5701, 5620.18, 2150.28, 0.0069215, -53.1048, 436.65, -4.92455
35.5801, 5620.18, 2150.28, 0.00659884, -53.1048, 436.65, -4.92455
35.5901, 5620.18, 2150.28, 0.00659884, -53.1048, 436.65, -5.67129
35.6001, 5620.18, 2150.28, 0.00663096, -53.1048, 436.65, -5.67129
35.6101, 5620.18, 2150.28, 0.00663096, -53.1048, 436.65, -5.67129
35.6201, 5620.18, 2150.28, 0.00642328, -53.1048, 436.65, -5.67129
35.6301, 5620.18, 2150.28, 0.00642328, -53.1048, 436.65, -5.67129
35.6401, 5620.18, 2150.28, 0.00647816, -53.1048, 436.65, -5.67129
35.6501, 5620.18, 2150.28, 0.00647816, -53.1048, 436.65, -5.67129
35.6601, 5620.18, 2150.28, 0.00647816, -53.1048, 436.65, -5.56757
35.6701, 5620.18, 2150.28, 0.0070163, -53.1048, 436.65, -5.56757
35.6801, 5620.18, 2150.28, 0.00704398, -53.1048, 436.65, -5.56757
35.6901, 5620.18, 2150.28, 0.00704398, -53.1048, 436.65, -5.56757
35.7001, 5620.18, 2150.28, 0.00704398, -53.1048, 436.65, -5.56757
35.7101, 5620.18, 2150.28, 0.00709832, -53.1048, 436.65, -5.56757
35.7201, 5620.18, 2150.28, 0.00709832, -53.1048, 436.65, -5.56757
35.7301, 5620.18, 2150.28, 0.00787188, -53.1048, 436.65, -6.10056
35.7401, 5620.18, 2150.28, 0.008561, -53.1048, 436.65, -6.10056
35.7501, 5620.18, 2150.28, 0.008561, -53.1048, 436.65, -6.10056
35.7601, 5620.18, 2150.28, 0.008561, -53.1048, 436.65, -6.10056
35.7701, 5620.18, 2150.28, 0.00896297, -53.1048, 436.65, -6.10056
35.7801, 5620.18, 2150.28, 0.00896297, -53.1048, 436.65, -6.10056
35.7901, 5620.18, 2150.28, 0.00864126, -53.1048, 436.65, -7.42661
35.8001, 5620.18, 2150.28, 0.00987115, -53.1048, 436.65, -7.42661
35.8101, 5620.18, 2150.28, 0.00987115, -53.1048, 436.65, -7.42661
35.8201, 5620.18, 2150.28, 0.00919319, -53.1048, 436.65, -7.42661
35.8301, 5620.18, 2150.28, 0.00919319, -53.1048, 436.65, -7.42661
35.8401, 5620.18, 2150.28, 0.0083119, -53.1048, 436.65, -7.42661
35.8501, 5620.18, 2150.28, 0.0083119, -53.1048, 436.65, -7.42661
35.8601, 5620.18, 2150.28, 0.00798468, -53.1048, 436.65, -6.86233
35.8701, 5620.18, 2150.28, 0.00798468, -53.1048, 436.65, -6.86233
35.8801, 5620.18, 2150.28, 0.00798468, -53.1048, 436.65, -6.86233
35.8901, 5620.18, 2150.28, 0.00825997, -53.1048, 436.65, -6.86233
35.9001, 5620.18, 2150.28, 0.00825997, -53.1048, 436.65, -6.86233
35.9101, 5620.18, 2150.28, 0.0102518, -53.1048, 436.65, -6.86233
35.9201, 5620.18, 2150.28, 0.0102518, -53.1048, 436.65, -6.86233
35.9301, 5620.34, 2150.29, 0.011405, -53.1048, 436.65, -8.81078
35.9401, 5620.34, 2150.29, 0.011405, -53.1048, 436.65, -8.81078
35.9501, 5620.34, 2150.29, 0.0115384, -53.1048, 436.65, -8.81078
35.9601, 5620.34, 2150.29, 0.0115384, -53.1048, 436.65, -8.81078
35.9701, 5620.33, 2150.44, 0.0121914, -53.1048, 436.65, -8.81078
35.9801, 5620.33, 2150.44, 0.0121914, -53.1048, 436.65, -8.81078
35.9901, 5620.49, 2150.45, 0.0130861, -53.6164, 436.363, -11.2467
36.0001, 5620.49, 2150.45, 0.0130861, -53.6164, 436.363, -11.2467
36.0101, 5620.49, 2150.3, 0.013992, -53.6164, 436.363, -11.2467
36.0201, 5620.49, 2150.3, 0.013992, -53.6164, 436.363, -11.2467
36.0301, 5620.8, 2150.31, 0.0132433, -53.6164, 436.363, -11.2467
36.0401, 5620.8, 2150.31, 0.0132433, -53.6164, 436.363, -11.2467
36.0501, 5620.8, 2150.31, 0.0122484, -53.6164, 436.363, -11.2467
36.0601, 5620.8, 2150.31, 0.0122484, -54.1532, 436.599, -10.5268
36.0701, 5620.96, 2150.32, 0.0131742, -54.1532, 436.599, -10.5268
36.0801, 5620.96, 2150.32, 0.0131742, -54.1532, 436.599, -10.5268
36.0901, 5620.96, 2150.16, 0.0130641, -54.1532, 436.599, -10.5268
36.1001, 5620.96, 2150.16, 0.0130641, -54.1532, 436.599, -10.5268
36.1101, 5621.12, 2150.17, 0.0128195, -54.1532, 436.599, -10.5268
36.1201, 5621.12, 2150.17, 0.0128195, -54.1532, 436.599, -10.5268
36.1301, 5621.42, 2150.34, 0.0124643, -54.6901, 436.836, -11.0176
36.1401, 5621.42, 2150.34, 0.0124643, -54.6901, 436.836, -11.0176
36.1501, 5621.42, 2150.34, 0.0111564, -54.6901, 436.836, -11.0176
36.1601, 5621.42, 2150.34, 0.0111564, -54.6901, 436.836, -11.0176
36.1701, 5621.58, 2150.19, 0.0112235, -54.6901, 436.836, -11.0176
36.1801, 5621.58, 2150.19, 0.0112235, -54.6901, 436.836, -11.0176
36.1901, 5621.73, 2150.2, 0.010888, -55.7377, 436.786, -9.35757
36.2001, 5621.73, 2150.2, 0.010888, -55.7377, 436.786, -9.35757
36.2101, 5622.04, 2150.22, 0.0106788, -55.7377, 436.786, -9.35757
36.2201, 5622.04, 2150.22, 0.0106788, -55.7377, 436.786, -9.35757
36.2301, 5622.19, 2150.38, 0.0105451, -55.7377, 436.786, -9.35757
36.2401, 5622.19, 2150.38, 0.0105451, -55.7377, 436.786, -9.35757
36.2501, 5622.2, 2150.22, 0.00979324, -55.7377, 436.786, -9.35757
36.2601, 5622.2, 2150.22, 0.00979324, -56.5236, 436.749, -8.41667
36.2701, 5622.5, 2150.24, 0.00939458, -56.5236, 436.749, -8.41667
36.2801, 5622.5, 2150.24, 0.00939458, -56.5236, 436.749, -8.41667
36.2901, 5622.66, 2150.09, 0.009013, -56.5236, 436.749, -8.41667
36.3001, 5622.66, 2150.09, 0.009013, -56.5236, 436.749, -8.41667
36.3101, 5622.81, 2150.25, 0.00846687, -56.5236, 436.749, -8.41667
36.3201, 5622.81, 2150.25, 0.00846687, -56.5236, 436.749, -8.41667
36.3301, 5623.13, 2150.11, 0.00806674, -57.5719, 436.702, -7.27674
36.3401, 5623.13, 2150.11, 0.00806674, -57.5719, 436.702, -7.27674
36.3501, 5623.43, 2150.28, 0.00778924, -57.5719, 436.702, -7.27674
36.3601, 5623.43, 2150.28, 0.00778924, -57.5719, 436.702, -7.27674
36.3701, 5623.74, 2150.14, 0.00702342, -57.5719, 436.702, -7.27674
36.3801, 5623.74, 2150.14, 0.00702342, -57.5719, 436.702, -7.27674
36.3901, 5624.21, 2150, 0.00649646, -59.953, 437.124, -5.58329
36.4001, 5624.21, 2150, 0.00649646, -59.953, 437.124, -5.58329
36.4101, 5624.82, 2150.18, 0.00545512, -59.953, 437.124, -5.58329
36.4201, 5624.82, 2150.18, 0.00545512, -59.953, 437.124, -5.58329
36.4301, 5625.44, 2150.21, 0.00483513, -59.953, 437.124, -5.58329
36.4401, 5625.44, 2150.21, 0.00483513, -59.953, 437.124, -5.58329
36.4501, 5626.06, 2150.23, 0.00362469, -59.953, 437.124, -5.58329
36.4601, 5626.06, 2150.23, 0.00362469, -63.0869, 436.733, -3.11519
36.4701, 5626.83, 2150.26, 0.00235489, -63.0869, 436.733, -3.11519
36.4801, 5626.83, 2150.26, 0.00235489, -63.0869, 436.733, -3.11519
36.4901, 5627.6, 2150.29, 0.00163516, -63.0869, 436.733, -3.11519
36.5001, 5627.6, 2150.29, 0.00163516, -63.0869, 436.733, -3.11519
36.5101, 5628.68, 2150.33, -0.000296608, -63.0869, 436.733, -3.11519
36.5201, 5628.68, 2150.33, -0.000296608, -63.0869, 436.733, -3.11519
36.5301, 5629.6, 2150.36, -0.00174384, -67.5429, 436.566, 0.254915
36.5401, 5629.6, 2150.36, -0.00174384, -67.5429, 436.566, 0.254915
36.5501, 5630.53, 2150.39, -0.00303861, -67.5429, 436.566, 0.254915
36.5601, 5630.53, 2150.39, -0.00303861, -67.5429, 436.566, 0.254915
36.5701, 5631.61, 2150.43, -0.00473183, -67.5429, 436.566, 0.254915
36.5801, 5631.61, 2150.43, -0.00473183, -67.5429, 436.566, 0.254915
36.5901, 5632.69, 2150.46, -0.00640792, -74.3592, 436.344, 5.5072
36.6001, 5632.69, 2150.46, -0.00640792, -74.3592, 436.344, 5.5072
36.6101, 5633.77, 2150.49, -0.00773431, -74.3592, 436.344, 5.5072
36.6201, 5633.77, 2150.49, -0.00773431, -74.3592, 436.344, 5.5072
36.6301, 5634.53, 2150.67, -0.00898943, -74.3592, 436.344, 5.5072
36.6401, 5634.53, 2150.67, -0.00898943, -74.3592, 436.344, 5.5072
36.6501, 5635.61, 2150.7, -0.0108531, -74.3592, 436.344, 5.5072
36.6601, 5635.61, 2150.7, -0.0108531, -79.334, 435.946, 9.32755
36.6701, 5636.69, 2150.72, -0.0126178, -79.334, 435.946, 9.32755
36.6801, 5636.69, 2150.72, -0.0126178, -79.334, 435.946, 9.32755
36.6901, 5637.46, 2150.74, -0.0134483, -79.334, 435.946, 9.32755
36.7001, 5637.46, 2150.74, -0.0134483, -79.334, 435.946, 9.32755
36.7101, 5638.39, 2150.76, -0.0148271, -79.334, 435.946, 9.32755
36.7201, 5638.39, 2150.76, -0.0148271, -79.334, 435.946, 9.32755
36.7301, 5639.16, 2150.93, -0.0166092, -84.0542, 435.838, 12.7429
36.7401, 5639.16, 2150.93, -0.0166092, -84.0542, 435.838, 12.7429
36.7501, 5640.09, 2150.79, -0.0179188, -84.0542, 435.838, 12.7429
36.7601, 5640.09, 2150.79, -0.0179188, -84.0542, 435.838, 12.7429
36.7701, 5640.86, 2150.8, -0.0195414, -84.0542, 435.838, 12.7429
36.7801, 5640.86, 2150.8, -0.0195414, -84.0542, 435.838, 12.7429
36.7901, 5641.48, 2150.81, -0.0207357, -89.2989, 435.743, 17.821
36.8001, 5641.48, 2150.81, -0.0207357, -89.2989, 435.743, 17.821
36.8101, 5642.25, 2150.83, -0.0217643, -89.2989, 435.743, 17.821
36.8201, 5642.25, 2150.83, -0.0217643, -89.2989, 435.743, 17.821
36.8301, 5642.86, 2150.83, -0.0227833, -89.2989, 435.743, 17.821
36.8401, 5642.86, 2150.83, -0.0227833, -89.2989, 435.743, 17.821
36.8501, 5643.48, 2150.84, -0.0237212, -89.2989, 435.743, 17.821
36.8601, 5643.48, 2150.84, -0.0237212, -92.7085, 435.696, 20.3869
36.8701, 5643.94, 2150.85, -0.0244502, -92.7085, 435.696, 20.3869
36.8801, 5643.94, 2150.85, -0.0244502, -92.7085, 435.696, 20.3869
36.8901, 5644.4, 2151.01, -0.0254122, -92.7085, 435.696, 20.3869
36.9001, 5644.4, 2151.01, -0.0254122, -92.7085, 435.696, 20.3869
36.9101, 5644.87, 2151.17, -0.0263692, -92.7085, 435.696, 20.3869
36.9201, 5644.87, 2151.17, -0.0263692, -92.7085, 435.696, 20.3869
36.9301, 5645.33, 2151.17, -0.0273626, -95.0636, 435.146, 22.6627
36.9401, 5645.33, 2151.17, -0.0273626, -95.0636, 435.146, 22.6627
36.9501, 5645.79, 2151.33, -0.0279003, -95.0636, 435.146, 22.6627
36.9601, 5645.79, 2151.33, -0.0279003, -95.0636, 435.146, 22.6627
36.9701, 5646.25, 2151.49, -0.0290298, -95.0636, 435.146, 22.6627
36.9801, 5646.25, 2151.49, -0.0290298, -95.0636, 435.146, 22.6627
36.9901, 5646.87, 2151.64, -0.0302725, -98.4676, 434.334, 26.0173
37.0001, 5646.87, 2151.64, -0.0302725, -98.4676, 434.334, 26.0173
37.0101, 5647.33, 2151.8, -0.0314382, -98.4676, 434.334, 26.0173
37.0201, 5647.33, 2151.8, -0.0314382, -98.4676, 434.334, 26.0173
37.0301, 5647.79, 2151.96, -0.0321611, -98.4676, 434.334, 26.0173
37.0401, 5647.79, 2151.96, -0.0321611, -98.4676, 434.334, 26.0173
37.0501, 5648.26, 2152.11, -0.03325, -98.4676, 434.334, 26.0173
37.0601, 5648.26, 2152.11, -0.03325, -100.825, 433.538, 28.5763
37.0701, 5648.72, 2152.42, -0.0338036, -100.825, 433.538, 28.5763
37.0801, 5648.72, 2152.42, -0.0338036, -100.825, 433.538, 28.5763
37.0901, 5649.33, 2152.42, -0.0345175, -100.825, 433.538, 28.5763
37.1001, 5649.33, 2152.42, -0.0345175, -100.825, 433.538, 28.5763
37.1101, 5649.8, 2152.58, -0.0354225, -100.825, 433.538, 28.5763
37.1201, 5649.8, 2152.58, -0.0354225, -100.825, 433.538, 28.5763
37.1301, 5650.41, 2152.42, -0.0361285, -103.447, 432.746, 30.4434
37.1401, 5650.41, 2152.42, -0.0361285, -103.447, 432.746, 30.4434
37.1501, 5650.88, 2152.42, -0.0365702, -103.447, 432.746, 30.4434
37.1601, 5650.88, 2152.42, -0.0365702, -103.447, 432.746, 30.4434
37.1701, 5651.34, 2152.58, -0.037154, -103.447, 432.746, 30.4434
37.1801, 5651.34, 2152.58, -0.037154, -103.447, 432.746, 30.4434
37.1901, 5651.49, 2152.42, -0.0374182, -106.332, 433.01, 32.1586
37.2001, 5651.49, 2152.42, -0.0374182, -106.332, 433.01, 32.1586
37.2101, 5651.8, 2152.42, -0.0367025, -106.332, 433.01, 32.1586
37.2201, 5651.8, 2152.42, -0.0367025, -106.332, 433.01, 32.1586
37.2301, 5651.8, 2152.27, -0.0375469, -106.332, 433.01, 32.1586
37.2401, 5651.8, 2152.27, -0.0375469, -106.332, 433.01, 32.1586
37.2501, 5651.8, 2152.27, -0.0369599, -106.332, 433.01, 32.1586
37.2601, 5651.8, 2152.27, -0.0369599, -106.856, 433.273, 31.7647
37.2701, 5651.8, 2152.27, -0.0374065, -106.856, 433.273, 31.7647
37.2801, 5651.8, 2152.27, -0.0374065, -106.856, 433.273, 31.7647
37.2901, 5651.8, 2152.27, -0.0373166, -106.856, 433.273, 31.7647
37.3001, 5651.8, 2152.27, -0.0373166, -106.856, 433.273, 31.7647
37.3101, 5651.8, 2152.27, -0.0371977, -106.856, 433.273, 31.7647
37.3201, 5651.8, 2152.27, -0.0371977, -106.856, 433.273, 31.7647
37.3301, 5651.8, 2152.27, -0.0375883, -106.856, 433.273, 31.9691
37.3401, 5651.8, 2152.27, -0.0375883, -106.856, 433.273, 31.9691
37.3501, 5651.8, 2152.27, -0.0378464, -106.856, 433.273, 31.9691
37.3601, 5651.8, 2152.27, -0.0378464, -106.856, 433.273, 31.9691
37.3701, 5651.8, 2152.27, -0.0375363, -106.856, 433.273, 31.9691
37.3801, 5651.8, 2152.27, -0.0375363, -106.856, 433.273, 31.9691
37.3901, 5651.8, 2152.27, -0.0376214, -106.856, 433.273, 32.3332
37.4001, 5651.8, 2152.27, -0.0376214, -106.856, 433.273, 32.3332
37.4101, 5651.8, 2152.27, -0.0367178, -106.856, 433.273, 32.3332
37.4201, 5651.8, 2152.27, -0.0367178, -106.856, 433.273, 32.3332
37.4301, 5651.8, 2152.27, -0.0352838, -106.856, 433.273, 32.3332
37.4401, 5651.8, 2152.27, -0.0352838, -106.856, 433.273, 32.3332
37.4501, 5651.65, 2152.27, -0.0348963, -106.856, 433.273, 32.3332
37.4601, 5651.65, 2152.27, -0.0348963, -106.594, 433.273, 29.9911
37.4701, 5651.49, 2152.27, -0.0330506, -106.594, 433.273, 29.9911
37.4801, 5651.49, 2152.27, -0.0330506, -106.594, 433.273, 29.9911
37.4901, 5651.34, 2152.27, -0.0323042, -106.594, 433.273, 29.9911
37.5001, 5651.34, 2152.27, -0.0323042, -106.594, 433.273, 29.9911
37.5101, 5651.34, 2152.42, -0.030523, -106.594, 433.273, 29.9911
37.5201, 5651.34, 2152.42, -0.030523, -106.594, 433.273, 29.9911
37.5301, 5651.34, 2152.42, -0.0310427, -106.068, 433.012, 26.2326
37.5401, 5651.34, 2152.42, -0.0310427, -106.068, 433.012, 26.2326
37.5501, 5651.49, 2152.42, -0.0298981, -106.068, 433.012, 26.2326
37.5601, 5651.49, 2152.42, -0.0298981, -106.068, 433.012, 26.2326
37.5701, 5651.49, 2152.58, -0.0302915, -106.068, 433.012, 26.2326
37.5801, 5651.49, 2152.58, -0.0302915, -106.068, 433.012, 26.2326
37.5901, 5651.65, 2152.58, -0.0305595, -106.591, 432.747, 26.264
37.6001, 5651.65, 2152.58, -0.0305595, -106.591, 432.747, 26.264
37.6101, 5651.8, 2152.58, -0.0308327, -106.591, 432.747, 26.264
37.6201, 5651.8, 2152.58, -0.0308327, -106.591, 432.747, 26.264
37.6301, 5652.11, 2152.58, -0.031743, -106.591, 432.747, 26.264
37.6401, 5652.11, 2152.58, -0.031743, -106.591, 432.747, 26.264
37.6501, 5652.42, 2152.58, -0.0329854, -106.591, 432.747, 26.264
37.6601, 5652.42, 2152.58, -0.0329854, -107.903, 432.742, 28.3488
37.6701, 5652.42, 2152.58, -0.0329854, -107.903, 432.742, 28.3488
37.6801, 5652.73, 2152.89, -0.0348592, -107.903, 432.742, 28.3488
37.6901, 5653.34, 2153.04, -0.0363678, -107.903, 432.742, 28.3488
37.7001, 5653.34, 2153.04, -0.0363678, -107.903, 432.742, 28.3488
37.7101, 5654.27, 2153.5, -0.0391436, -107.903, 432.742, 28.3488
37.7201, 5654.27, 2153.5, -0.0391436, -107.903, 432.742, 28.3488
37.7301, 5655.2, 2153.81, -0.0421332, -111.051, 431.171, 33.6415
37.7401, 5655.2, 2153.81, -0.0421332, -111.051, 431.171, 33.6415
37.7501, 5656.74, 2154.1, -0.0449239, -111.051, 431.171, 33.6415
37.7601, 5656.74, 2154.1, -0.0449239, -111.051, 431.171, 33.6415
37.7701, 5658.14, 2154.7, -0.0524131, -111.051, 431.171, 33.6415
37.7801, 5658.14, 2154.7, -0.0524131, -111.051, 431.171, 33.6415
37.7901, 5659.85, 2155.13, -0.0592848, -120.531, 428.407, 50.9515
37.8001, 5659.85, 2155.13, -0.0592848, -120.531, 428.407, 50.9515
37.8101, 5661.41, 2155.86, -0.0647379, -120.531, 428.407, 50.9515
37.8201, 5661.41, 2155.86, -0.0647379, -120.531, 428.407, 50.9515
37.8301, 5661.41, 2155.86, -0.0647379, -120.531, 428.407, 50.9515
37.8401, 5663.59, 2156.56, -0.0733958, -120.531, 428.407, 50.9515
37.8501, 5665.64, 2157.4, -0.0843107, -120.531, 428.407, 50.9515
37.8601, 5665.64, 2157.4, -0.0843107, -130.375, 424.55, 72.4597
37.8701, 5668, 2158.2, -0.0953488, -130.375, 424.55, 72.4597
37.8801, 5668, 2158.2, -0.0953488, -130.375, 424.55, 72.4597
37.8901, 5670.35, 2158.67, -0.101944, -130.375, 424.55, 72.4597
37.9001, 5670.35, 2158.67, -0.101944, -130.375, 424.55, 72.4597
37.9101, 5673.01, 2159.09, -0.118155, -130.375, 424.55, 72.4597
37.9201, 5673.01, 2159.09, -0.118155, -130.375, 424.55, 72.4597
37.9301, 5675.53, 2159.64, -0.130584, -142.903, 421.671, 101.547
37.9401, 5675.53, 2159.64, -0.130584, -142.903, 421.671, 101.547
37.9501, 5678.07, 2160.16, -0.141045, -142.903, 421.671, 101.547
37.9601, 5678.07, 2160.16, -0.141045, -142.903, 421.671, 101.547
37.9701, 5678.07, 2160.16, -0.141045, -142.903, 421.671, 101.547
37.9801, 5681.07, 2160.59, -0.16104, -142.903, 421.671, 101.547
37.9901, 5681.07, 2160.59, -0.16104, -156.606, 419.117, 138.403
38.0001, 5683.77, 2161.01, -0.177014, -156.606, 419.117, 138.403
38.0101, 5683.77, 2161.01, -0.177014, -156.606, 419.117, 138.403
38.0201, 5686.61, 2161.21, -0.189258, -156.606, 419.117, 138.403
38.0301, 5686.61, 2161.21, -0.189258, -156.606, 419.117, 138.403
38.0401, 5689.15, 2161.42, -0.210236, -156.606, 419.117, 138.403
38.0501, 5689.15, 2161.42, -0.210236, -156.606, 419.117, 138.403
38.0601, 5691.66, 2161.42, -0.229921, -174.608, 417.718, 197.603
38.0701, 5691.66, 2161.42, -0.229921, -174.608, 417.718, 197.603
38.0801, 5694.44, 2161.15, -0.252442, -174.608, 417.718, 197.603
38.0901, 5694.44, 2161.15, -0.252442, -174.608, 417.718, 197.603
38.1001, 5697.25, 2161, -0.270508, -174.608, 417.718, 197.603
38.1101, 5697.25, 2161, -0.270508, -174.608, 417.718, 197.603
38.1201, 5700.02, 2160.62, -0.287928, -174.608, 417.718, 197.603
38.1301, 5700.02, 2160.62, -0.287928, -188.825, 419.074, 247.456
38.1401, 5702.25, 2160.01, -0.311829, -188.825, 419.074, 247.456
38.1501, 5702.25, 2160.01, -0.311829, -188.825, 419.074, 247.456
38.1601, 5704.67, 2159.48, -0.319526, -188.825, 419.074, 247.456
38.1701, 5704.67, 2159.48, -0.319526, -188.825, 419.074, 247.456
38.1801, 5706.93, 2158.94, -0.34979, -188.825, 419.074, 247.456
38.1901, 5706.93, 2158.94, -0.34979, -200.566, 421.924, 300.622
38.2001, 5709.31, 2158.29, -0.372993, -200.566, 421.924, 300.622
38.2101, 5709.31, 2158.29, -0.372993, -200.566, 421.924, 300.622
38.2201, 5711.35, 2157.56, -0.389861, -200.566, 421.924, 300.622
38.2302, 5711.35, 2157.56, -0.389861, -200.566, 421.924, 300.622
38.2401, 5713.82, 2157.1, -0.415996, -200.566, 421.924, 300.622
38.2501, 5713.82, 2157.1, -0.415996, -200.566, 421.924, 300.622
38.2601, 5716.16, 2156.29, -0.439983, -216.263, 426.427, 378.137
38.2701, 5716.16, 2156.29, -0.439983, -216.263, 426.427, 378.137
38.2801, 5718.76, 2155.31, -0.464966, -216.263, 426.427, 378.137
38.2901, 5718.76, 2155.31, -0.464966, -216.263, 426.427, 378.137
38.3001, 5721.54, 2154.69, -0.487501, -216.263, 426.427, 378.137
38.3101, 5721.54, 2154.69, -0.487501, -216.263, 426.427, 378.137
38.3201, 5724.16, 2153.73, -0.510598, -216.263, 426.427, 378.137
38.3301, 5724.16, 2153.73, -0.510598, -229.864, 430.792, 438.827
38.3401, 5726.97, 2152.77, -0.535123, -229.864, 430.792, 438.827
38.3501, 5726.97, 2152.77, -0.535123, -229.864, 430.792, 438.827
38.3601, 5729.71, 2152.31, -0.544979, -229.864, 430.792, 438.827
38.3701, 5729.71, 2152.31, -0.544979, -229.864, 430.792, 438.827
38.3801, 5732.42, 2151.44, -0.579817, -229.864, 430.792, 438.827
38.3901, 5732.42, 2151.44, -0.579817, -243.911, 434.687, 498.316
38.4001, 5735.14, 2150.83, -0.606081, -243.911, 434.687, 498.316
38.4101, 5735.14, 2150.83, -0.606081, -243.911, 434.687, 498.316
38.4201, 5738.01, 2150.43, -0.619483, -243.911, 434.687, 498.316
38.4301, 5738.01, 2150.43, -0.619483, -243.911, 434.687, 498.316
38.4401, 5741.5, 2149.52, -0.656225, -243.911, 434.687, 498.316
38.4501, 5741.5, 2149.52, -0.656225, -243.911, 434.687, 498.316
38.4601, 5744.38, 2148.76, -0.675042, -264.242, 439.244, 580.156
38.4701, 5744.38, 2148.76, -0.675042, -264.242, 439.244, 580.156
38.4801, 5747.98, 2148.12, -0.702929, -264.242, 439.244, 580.156
38.4901, 5747.98, 2148.12, -0.702929, -264.242, 439.244, 580.156
38.5001, 5751.02, 2147.47, -0.725643, -264.242, 439.244, 580.156
38.5101, 5751.02, 2147.47, -0.725643, -264.242, 439.244, 580.156
38.5201, 5754.34, 2147.08, -0.753076, -264.242, 439.244, 580.156
38.5301, 5754.34, 2147.08, -0.753076, -281.162, 382.34, 647.221
38.5401, 5757.27, 2147.35, -0.777454, -281.162, 382.34, 647.221
38.5501, 5757.27, 2147.35, -0.777454, -281.162, 382.34, 647.221
38.5601, 5760.21, 2147.57, -0.788824, -281.162, 382.34, 647.221
38.5701, 5760.21, 2147.57, -0.788824, -281.162, 382.34, 647.221
38.5801, 5763.26, 2148.06, -0.817503, -281.162, 382.34, 647.221
38.5901, 5763.26, 2148.06, -0.817503, -296.331, 380.676, 702.592
38.6001, 5766.32, 2148.48, -0.833014, -296.331, 380.676, 702.592
38.6101, 5766.32, 2148.48, -0.833014, -296.331, 380.676, 702.592
38.6201, 5769.27, 2148.74, -0.844659, -296.331, 380.676, 702.592
38.6301, 5769.27, 2148.74, -0.844659, -296.331, 380.676, 702.592
38.6401, 5772.24, 2149.41, -0.864477, -296.331, 380.676, 702.592
38.6501, 5772.24, 2149.41, -0.864477, -296.331, 380.676, 702.592
38.6601, 5774.89, 2149.93, -0.877527, -316.097, 437.252, 754.179
38.6701, 5774.89, 2149.93, -0.877527, -316.097, 437.252, 754.179
38.6801, 5777.76, 2150.4, -0.890404, -316.097, 437.252, 754.179
38.6901, 5777.76, 2150.4, -0.890404, -316.097, 437.252, 754.179
38.7001, 5780.44, 2151.07, -0.901763, -316.097, 437.252, 754.179
38.7101, 5780.44, 2151.07, -0.901763, -316.097, 437.252, 754.179
38.7201, 5782.88, 2151.52, -0.913031, -316.097, 437.252, 754.179
38.7301, 5782.88, 2151.52, -0.913031, -329.694, 434.547, 784.692
38.7401, 5785.26, 2152.28, -0.921314, -329.694, 434.547, 784.692
38.7501, 5785.26, 2152.28, -0.921314, -329.694, 434.547, 784.692
38.7601, 5787.81, 2152.56, -0.925289, -329.694, 434.547, 784.692
38.7701, 5787.81, 2152.56, -0.925289, -329.694, 434.547, 784.692
38.7801, 5790.15, 2152.86, -0.93218, -329.694, 434.547, 784.692
38.7901, 5790.15, 2152.86, -0.93218, -342.043, 432.269, 801.15
38.8001, 5791.84, 2153.22, -0.93598, -342.043, 432.269, 801.15
38.8101, 5791.84, 2153.22, -0.93598, -342.043, 432.269, 801.15
38.8201, 5793.31, 2153.59, -0.938151, -342.043, 432.269, 801.15
38.8301, 5793.31, 2153.59, -0.938151, -342.043, 432.269, 801.15
38.8401, 5794.47, 2154.11, -0.941569, -342.043, 432.269, 801.15
38.8501, 5794.47, 2154.11, -0.941569, -342.043, 432.269, 801.15
38.8601, 5795.6, 2154.41, -0.942557, -351.319, 429.623, 810.068
38.8701, 5795.6, 2154.41, -0.942557, -351.319, 429.623, 810.068
38.8801, 5796.4, 2154.65, -0.943189, -351.319, 429.623, 810.068
38.8901, 5796.4, 2154.65, -0.943189, -351.319, 429.623, 810.068
38.9001, 5796.4, 2154.65, -0.943189, -351.319, 429.623, 810.068
38.9101, 5796.4, 2154.65, -0.943189, -351.319, 429.623, 810.068
38.9201, 5796.4, 2154.65, -0.943189, -351.319, 429.623, 810.068
38.9301, 5796.4, 2154.65, -0.943189, -351.319, 429.623, 810.068
38.9401, 5796.4, 2154.65, -0.943189, -351.319, 429.623, 810.068
