13.6501, 5600, 1950, 0.00336828, 0, 0, 0
13.6601, 5600, 1950, 0.00336689, 0, 0, 0
13.6701, 5600, 1950, 0.00336689, -5.64449, 100.19, -1.92909
13.6801, 5600, 1950, 0.00289728, -5.64449, 100.19, -1.92909
13.6901, 5600, 1950, 0.00289728, -5.64449, 100.19, -1.92909
13.7001, 5600, 1950, 0.00386809, -5.64449, 100.19, -1.92909
13.7101, 5600, 1950, 0.00386809, -5.64449, 100.19, -1.92909
13.7201, 5600, 1950, 0.00452836, -5.64449, 100.19, -1.92909
13.7301, 5600, 1950, 0.00452836, -5.64449, 100.19, -2.59456
13.7401, 5600, 1950, 0.00476673, -5.64449, 100.19, -2.59456
13.7501, 5600, 1950, 0.00476673, -5.64449, 100.19, -2.59456
13.7601, 5600, 1950, 0.00452741, -5.64449, 100.19, -2.59456
13.7701, 5600, 1950, 0.00452741, -5.64449, 100.19, -2.59456
13.7801, 5600, 1950, 0.00448102, -5.64449, 100.19, -2.59456
13.7901, 5600, 1950, 0.00448102, -5.64449, 100.19, -2.59456
13.8001, 5600, 1950, 0.00445638, -5.64449, 100.19, -2.56744
13.8101, 5600, 1950, 0.00445638, -5.64449, 100.19, -2.56744
13.8201, 5600, 1950, 0.00445134, -5.64449, 100.19, -2.56744
13.8301, 5600, 1950, 0.00445134, -5.64449, 100.19, -2.56744
13.8401, 5600, 1950, 0.00512248, -5.64449, 100.19, -2.56744
13.8501, 5600, 1950, 0.00512248, -5.64449, 100.19, -2.56744
13.8601, 5600, 1950, 0.00342521, -5.64449, 100.19, -1.9625
13.8701, 5600, 1950, 0.00342521, -5.64449, 100.19, -1.9625
13.8801, 5600, 1950, 0.0025786, -5.64449, 100.19, -1.9625
13.8901, 5600, 1950, 0.0025786, -5.64449, 100.19, -1.9625
13.9001, 5600, 1950, 0.00256965, -5.64449, 100.19, -1.9625
13.9101, 5600, 1950, 0.00256965, -5.64449, 100.19, -1.9625
13.9201, 5600, 1950, 0.00325438, -5.64449, 100.19, -1.9625
13.9301, 5600, 1950, 0.00325438, -5.64449, 100.19, -1.86462
13.9401, 5600, 1950, 0.00391009, -5.64449, 100.19, -1.86462
13.9501, 5600, 1950, 0.00391009, -5.64449, 100.19, -1.86462
13.9601, 5600, 1950, 0.00495724, -5.64449, 100.19, -1.86462
13.9701, 5600, 1950, 0.00495724, -5.64449, 100.19, -1.86462
13.9801, 5600, 1950, 0.00583744, -5.64449, 100.19, -1.86462
13.9901, 5600, 1950, 0.00583744, -5.64449, 100.19, -1.86462
14.0001, 5600, 1950, 0.00472776, -5.64449, 100.19, -3.34461
14.0101, 5600, 1950, 0.00472776, -5.64449, 100.19, -3.34461
14.0201, 5600, 1950, 0.00519871, -5.64449, 100.19, -3.34461
14.0301, 5600, 1950, 0.00519871, -5.64449, 100.19, -3.34461
14.0401, 5600, 1950, 0.00443033, -5.64449, 100.19, -3.34461
14.0501, 5600, 1950, 0.00443033, -5.64449, 100.19, -3.34461
14.0601, 5600, 1950, 0.00459194, -5.64449, 100.19, -2.63099
14.0701, 5600, 1950, 0.00459194, -5.64449, 100.19, -2.63099
14.0801, 5600, 1950, 0.00427235, -5.64449, 100.19, -2.63099
14.0901, 5600, 1950, 0.00427235, -5.64449, 100.19, -2.63099
14.1001, 5600, 1950, 0.00320075, -5.64449, 100.19, -2.63099
14.1101, 5600, 1950, 0.00320075, -5.64449, 100.19, -2.63099
14.1201, 5600, 1950, 0.00396432, -5.64449, 100.19, -2.63099
14.1301, 5600, 1950, 0.00396432, -5.64449, 100.19, -2.27139
14.1401, 5600, 1950, 0.00253193, -5.64449, 100.19, -2.27139
14.1501, 5600, 1950, 0.00253193, -5.64449, 100.19, -2.27139
14.1601, 5600, 1950, 0.00220269, -5.64449, 100.19, -2.27139
14.1701, 5600, 1950, 0.00220269, -5.64449, 100.19, -2.27139
14.1801, 5600, 1950, 0.00134175, -5.64449, 100.19, -2.27139
14.1901, 5600, 1950, 0.00134175, -5.64449, 100.19, -2.27139
14.2001, 5600, 1950, 0.000547162, -5.64449, 100.19, -0.768765
14.2101, 5600, 1950, 0.000547162, -5.64449, 100.19, -0.768765
14.2201, 5600, 1950, 0.000512495, -5.64449, 100.19, -0.768765
14.2301, 5600, 1950, 0.000512495, -5.64449, 100.19, -0.768765
14.2401, 5600, 1950, -7.5969e-05, -5.64449, 100.19, -0.768765
14.2501, 5600, 1950, -7.5969e-05, -5.64449, 100.19, -0.768765
14.2601, 5600, 1950, 0.000333495, -5.64449, 100.19, -0.191079
14.2701, 5600, 1950, 0.000333495, -5.64449, 100.19, -0.191079
14.2801, 5600, 1950, 0.000313236, -5.64449, 100.19, -0.191079
14.2901, 5600, 1950, 0.000313236, -5.64449, 100.19, -0.191079
14.3001, 5600, 1950, 0.000866857, -5.64449, 100.19, -0.191079
14.3101, 5600, 1950, 0.000866857, -5.64449, 100.19, -0.191079
14.3201, 5600, 1950, -5.41773e-05, -5.64449, 100.19, -0.191079
14.3301, 5600, 1950, -5.41773e-05, -5.64449, 100.19, 0.0310413
14.3401, 5600, 1950, -0.00124008, -5.64449, 100.19, 0.0310413
14.3501, 5600, 1950, -0.00124008, -5.64449, 100.19, 0.0310413
14.3601, 5600, 1950, -0.00154494, -5.64449, 100.19, 0.0310413
14.3701, 5600, 1950, -0.00154494, -5.64449, 100.19, 0.0310413
14.3801, 5600, 1950, -0.00150599, -5.64449, 100.19, 0.0310413
14.3901, 5600, 1950, -0.00150599, -5.64449, 100.19, 0.0310413
14.4001, 5600, 1950, -0.00118805, -5.64449, 100.19, 0.862868
14.4101, 5600, 1950, -0.00118805, -5.64449, 100.19, 0.862868
14.4201, 5600, 1950, -0.00145067, -5.64449, 100.19, 0.862868
14.4301, 5600, 1950, -0.00145067, -5.64449, 100.19, 0.862868
14.4401, 5600, 1950, -0.00183877, -5.64449, 100.19, 0.862868
14.4501, 5600, 1950, -0.00183877, -5.64449, 100.19, 0.862868
14.4601, 5600, 1950, -0.00153191, -5.64449, 100.19, 0.877719
14.4701, 5600, 1950, -0.00153191, -5.64449, 100.19, 0.877719
14.4801, 5600, 1950, -0.00216661, -5.64449, 100.19, 0.877719
14.4901, 5600, 1950, -0.00216661, -5.64449, 100.19, 0.877719
14.5001, 5600, 1950, -0.00216661, -5.64449, 100.19, 0.877719
14.5101, 5600, 1950, -0.00121523, -5.64449, 100.19, 0.877719
14.5201, 5600, 1950, -0.000958004, -5.64449, 100.19, 0.877719
14.5301, 5600, 1950, -0.000958004, -5.64449, 100.19, 0.548896
14.5401, 5600, 1950, -0.00190456, -5.64449, 100.19, 0.548896
14.5501, 5600, 1950, -0.00190456, -5.64449, 100.19, 0.548896
14.5601, 5600, 1950, -0.00134599, -5.64449, 100.19, 0.548896
14.5701, 5600, 1950, -0.00134599, -5.64449, 100.19, 0.548896
14.5801, 5600, 1950, -0.00163099, -5.64449, 100.19, 0.548896
14.5901, 5600, 1950, -0.00163099, -5.64449, 100.19, 0.548896
14.6001, 5600, 1950, -0.00162752, -5.64449, 100.19, 0.934488
14.6101, 5600, 1950, -0.00162752, -5.64449, 100.19, 0.934488
14.6201, 5600, 1950, -0.00162752, -5.64449, 100.19, 0.934488
14.6301, 5600, 1950, -0.00221062, -5.64449, 100.19, 0.934488
14.6401, 5600, 1950, -0.0021989, -5.64449, 100.19, 0.934488
14.6501, 5600, 1950, -0.0021989, -5.64449, 100.19, 0.934488
14.6601, 5600, 1950, -0.00136717, -5.64449, 100.19, 0.78333
14.6701, 5600, 1950, -0.00136717, -5.64449, 100.19, 0.78333
14.6801, 5600, 1950, -0.000995117, -5.64449, 100.19, 0.78333
14.6901, 5600, 1950, -0.000995117, -5.64449, 100.19, 0.78333
14.7001, 5600, 1950, -0.00129832, -5.64449, 100.19, 0.78333
14.7101, 5600, 1950, -0.00129832, -5.64449, 100.19, 0.78333
14.7201, 5600, 1950, -0.00129832, -5.64449, 100.19, 0.78333
14.7301, 5600, 1950, -0.00216932, -5.64449, 100.19, 0.743884
14.7401, 5600, 1950, -0.00223269, -5.64449, 100.19, 0.743884
14.7501, 5600, 1950, -0.00223269, -5.64449, 100.19, 0.743884
14.7601, 5600, 1950, -0.00107905, -5.64449, 100.19, 0.743884
14.7701, 5600, 1950, -0.00107905, -5.64449, 100.19, 0.743884
14.7801, 5600, 1950, -0.00107905, -5.64449, 100.19, 0.743884
14.7901, 5600, 1950, -0.00137958, -5.64449, 100.19, 0.743884
14.8001, 5600, 1950, -0.00137958, -5.64449, 100.19, 0.790444
14.8101, 5600, 1950, -0.00163793, -5.64449, 100.19, 0.790444
14.8201, 5600, 1950, -0.00163793, -5.64449, 100.19, 0.790444
14.8301, 5600, 1950, -0.00138282, -5.64449, 100.19, 0.790444
14.8401, 5600, 1950, -0.00138282, -5.64449, 100.19, 0.790444
14.8501, 5600, 1950, -0.00154943, -5.64449, 100.19, 0.790444
14.8601, 5600, 1950, -0.00154943, -5.64449, 100.19, 0.887756
14.8701, 5600, 1950, -0.00134818, -5.64449, 100.19, 0.887756
14.8801, 5600, 1950, -0.00134818, -5.64449, 100.19, 0.887756
14.8901, 5600, 1950, -0.0013388, -5.64449, 100.19, 0.887756
14.9001, 5600, 1950, -0.0013388, -5.64449, 100.19, 0.887756
14.9101, 5600, 1950, -0.00108018, -5.64449, 100.19, 0.887756
14.9201, 5600, 1950, -0.00108018, -5.64449, 100.19, 0.887756
14.9301, 5600, 1950, -0.000171431, -5.64449, 100.19, 0.618898
14.9401, 5600, 1950, -0.000171431, -5.64449, 100.19, 0.618898
14.9501, 5600, 1950, -0.000186174, -5.64449, 100.19, 0.618898
14.9601, 5600, 1950, -0.000186174, -5.64449, 100.19, 0.618898
14.9701, 5600, 1950, -0.000787604, -5.64449, 100.19, 0.618898
14.9801, 5600, 1950, -0.00126793, -5.64449, 100.19, 0.618898
14.9901, 5600, 1950, -0.00126793, -5.64449, 100.19, 0.618898
15.0001, 5600, 1950, -0.00126793, -5.64449, 100.19, 0.726471
15.0101, 5600, 1950, -0.000848327, -5.64449, 100.19, 0.726471
15.0201, 5600, 1950, -0.000848327, -5.64449, 100.19, 0.726471
15.0301, 5600, 1950, -0.000831602, -5.64449, 100.19, 0.726471
15.0401, 5600, 1950, -0.000831602, -5.64449, 100.19, 0.726471
15.0501, 5600, 1950, -0.000586833, -5.64449, 100.19, 0.726471
15.0601, 5600, 1950, -0.000586833, -5.64449, 100.19, 0.33623
15.0701, 5600, 1950, -0.000793449, -5.64449, 100.19, 0.33623
15.0801, 5600, 1950, -0.000793449, -5.64449, 100.19, 0.33623
15.0901, 5600, 1950, -0.00148276, -5.64449, 100.19, 0.33623
15.1001, 5600, 1950, -0.00148276, -5.64449, 100.19, 0.33623
15.1101, 5600, 1950, -0.00272003, -5.64449, 100.19, 0.33623
15.1201, 5600, 1950, -0.00272003, -5.64449, 100.19, 0.33623
15.1301, 5600, 1950, -0.00246253, -5.64449, 100.19, 1.55846
15.1401, 5600, 1950, -0.00246253, -5.64449, 100.19, 1.55846
15.1501, 5600, 1950, -0.00204448, -5.64449, 100.19, 1.55846
15.1601, 5600, 1950, -0.00204448, -5.64449, 100.19, 1.55846
15.1701, 5600, 1950, -0.0014158, -5.64449, 100.19, 1.55846
15.1801, 5600, 1950, -0.0014158, -5.64449, 100.19, 1.55846
15.1901, 5600, 1950, -0.00181444, -5.64449, 100.19, 1.55846
15.2001, 5600, 1950, -0.00181444, -5.64449, 100.19, 1.0396
15.2101, 5600, 1950, -0.00155115, -5.64449, 100.19, 1.0396
15.2201, 5600, 1950, -0.00155115, -5.64449, 100.19, 1.0396
15.2301, 5600, 1950, -0.00178574, -5.64449, 100.19, 1.0396
15.2401, 5600, 1950, -0.00178574, -5.64449, 100.19, 1.0396
15.2501, 5600, 1950, -0.00214913, -5.64449, 100.19, 1.0396
15.2601, 5600, 1950, -0.00214913, -5.64449, 100.19, 1.23136
15.2701, 5600, 1950, -0.00131259, -5.64449, 100.19, 1.23136
15.2801, 5600, 1950, -0.00131259, -5.64449, 100.19, 1.23136
15.2901, 5600, 1950, -0.00105345, -5.64449, 100.19, 1.23136
15.3001, 5600, 1950, -0.00105345, -5.64449, 100.19, 1.23136
15.3101, 5599.85, 1950, -0.00127815, -5.64449, 100.19, 1.23136
15.3201, 5599.85, 1950, -0.00127815, -5.64449, 100.19, 1.23136
15.3301, 5599.85, 1950, -0.00175791, -5.64449, 100.19, 0.732327
15.3401, 5599.85, 1950, -0.00175791, -5.64449, 100.19, 0.732327
15.3501, 5599.85, 1950, -0.0012901, -5.64449, 100.19, 0.732327
15.3601, 5599.85, 1950, -0.0012901, -5.64449, 100.19, 0.732327
15.3701, 5599.85, 1950, -0.00125844, -5.64449, 100.19, 0.732327
15.3801, 5599.85, 1950, -0.00125844, -5.64449, 100.19, 0.732327
15.3901, 5599.85, 1950, -0.000422039, -5.64449, 100.19, 0.732327
15.4001, 5599.85, 1950, -0.000422039, -5.64449, 100.19, 0.241811
15.4101, 5599.85, 1950, -0.00106224, -5.64449, 100.19, 0.241811
15.4201, 5599.85, 1950, -0.00106224, -5.64449, 100.19, 0.241811
15.4301, 5599.85, 1950, -0.00212315, -5.64449, 100.19, 0.241811
15.4401, 5599.85, 1950, -0.00212315, -5.64449, 100.19, 0.241811
15.4501, 5599.85, 1950, -0.00234966, -5.64449, 100.19, 0.241811
15.4601, 5599.85, 1950, -0.00234966, -5.64449, 100.19, 1.34626
15.4701, 5599.85, 1950, -0.00126901, -5.64449, 100.19, 1.34626
15.4801, 5599.85, 1950, -0.00126901, -5.64449, 100.19, 1.34626
15.4901, 5599.85, 1950, -0.00206478, -5.64449, 100.19, 1.34626
15.5001, 5599.85, 1950, -0.00206478, -5.64449, 100.19, 1.34626
15.5101, 5599.85, 1950, -0.00336361, -5.64449, 100.19, 1.34626
15.5201, 5599.85, 1950, -0.00336361, -5.64449, 100.19, 1.34626
15.5301, 5599.85, 1950, -0.00356174, -5.64449, 100.19, 1.92721
15.5401, 5599.85, 1950, -0.00356174, -5.64449, 100.19, 1.92721
15.5501, 5599.85, 1950, -0.00446791, -5.64449, 100.19, 1.92721
15.5601, 5599.85, 1950, -0.00446791, -5.64449, 100.19, 1.92721
15.5701, 5599.85, 1950, -0.00412613, -5.64449, 100.19, 1.92721
15.5801, 5599.85, 1950, -0.00412613, -5.64449, 100.19, 1.92721
15.5901, 5599.85, 1950, -0.00429778, -5.64449, 100.19, 1.92721
15.6001, 5599.85, 1950, -0.00429778, -5.64449, 100.19, 2.46245
15.6101, 5599.85, 1950, -0.00538142, -5.64449, 100.19, 2.46245
15.6201, 5599.85, 1950, -0.00538142, -5.64449, 100.19, 2.46245
15.6301, 5599.85, 1950, -0.00523853, -5.64449, 100.19, 2.46245
15.6401, 5599.85, 1950, -0.00523853, -5.64449, 100.19, 2.46245
15.6501, 5599.85, 1950, -0.00523093, -5.64449, 100.19, 2.46245
15.6601, 5599.85, 1950, -0.00523093, -5.64449, 100.19, 2.9971
15.6701, 5599.85, 1950, -0.00522732, -5.64449, 100.19, 2.9971
15.6801, 5599.85, 1950, -0.00522732, -5.64449, 100.19, 2.9971
15.6901, 5599.85, 1950, -0.00516684, -5.64449, 100.19, 2.9971
15.7001, 5599.85, 1950, -0.00516684, -5.64449, 100.19, 2.9971
15.7101, 5599.85, 1950, -0.00513338, -5.64449, 100.19, 2.9971
15.7201, 5599.85, 1950, -0.00513338, -5.64449, 100.19, 2.9971
15.7301, 5599.85, 1950, -0.00509072, -5.64449, 100.19, 2.94121
15.7401, 5599.85, 1950, -0.00509072, -5.64449, 100.19, 2.94121
15.7501, 5599.85, 1950, -0.00452738, -5.64449, 100.19, 2.94121
15.7601, 5599.85, 1950, -0.00452738, -5.64449, 100.19, 2.94121
15.7701, 5599.85, 1950, -0.00640907, -5.64449, 100.19, 2.94121
15.7801, 5599.85, 1950, -0.00640907, -5.64449, 100.19, 2.94121
15.7901, 5599.85, 1950, -0.00729434, -5.64449, 100.19, 2.94121
15.8001, 5599.85, 1950, -0.00729434, -5.64449, 100.19, 4.17935
15.8101, 5599.85, 1950, -0.00599054, -5.64449, 100.19, 4.17935
15.8201, 5599.85, 1950, -0.00599054, -5.64449, 100.19, 4.17935
15.8301, 5599.85, 1950, -0.00566605, -5.64449, 100.19, 4.17935
15.8401, 5599.85, 1950, -0.00566605, -5.64449, 100.19, 4.17935
15.8501, 5599.85, 1950, -0.00551176, -5.64449, 100.19, 4.17935
15.8601, 5599.85, 1950, -0.00551176, -5.64449, 100.19, 3.158
15.8701, 5599.85, 1950, -0.00521074, -5.64449, 100.19, 3.158
15.8801, 5599.85, 1950, -0.00521074, -5.64449, 100.19, 3.158
15.8901, 5599.85, 1950, -0.00512955, -5.64449, 100.19, 3.158
15.9001, 5599.85, 1950, -0.00512955, -5.64449, 100.19, 3.158
15.9101, 5599.85, 1950, -0.00447187, -5.64449, 100.19, 3.158
15.9201, 5599.85, 1950, -0.00447187, -5.64449, 100.19, 3.158
15.9301, 5599.85, 1950, -0.0044177, -5.64449, 100.19, 2.56219
15.9401, 5599.85, 1950, -0.0044177, -5.64449, 100.19, 2.56219
15.9501, 5599.85, 1950, -0.00438533, -5.64449, 100.19, 2.56219
15.9601, 5599.85, 1950, -0.00438533, -5.64449, 100.19, 2.56219
15.9701, 5599.85, 1950, -0.00437305, -5.64449, 100.19, 2.56219
15.9801, 5599.85, 1950, -0.00437305, -5.64449, 100.19, 2.56219
15.9901, 5599.85, 1950, -0.00333841, -5.64449, 100.19, 2.56219
16.0001, 5599.85, 1950, -0.00333841, -5.64449, 100.19, 1.91277
16.0101, 5599.85, 1950, -0.00404312, -5.64449, 100.19, 1.91277
16.0201, 5599.85, 1950, -0.00404312, -5.64449, 100.19, 1.91277
16.0301, 5599.85, 1950, -0.00498447, -5.64449, 100.19, 1.91277
16.0401, 5599.85, 1950, -0.00498447, -5.64449, 100.19, 1.91277
16.0501, 5599.85, 1950, -0.00564699, -5.64449, 100.19, 1.91277
16.0601, 5599.85, 1950, -0.00564699, -5.64449, 100.19, 3.23549
16.0701, 5599.85, 1950, -0.00518921, -5.64449, 100.19, 3.23549
16.0801, 5599.85, 1950, -0.00518921, -5.64449, 100.19, 3.23549
16.0901, 5599.85, 1950, -0.00514843, -5.64449, 100.19, 3.23549
16.1001, 5599.85, 1950, -0.00514843, -5.64449, 100.19, 3.23549
16.1101, 5599.85, 1950, -0.00545813, -5.64449, 100.19, 3.23549
16.1201, 5599.85, 1950, -0.00545813, -5.64449, 100.19, 3.23549
16.1301, 5599.85, 1950, -0.0057192, -5.64449, 100.19, 3.12728
16.1401, 5599.85, 1950, -0.0057192, -5.64449, 100.19, 3.12728
16.1501, 5599.85, 1950, -0.00595717, -5.64449, 100.19, 3.12728
16.1601, 5599.85, 1950, -0.00595717, -5.64449, 100.19, 3.12728
16.1701, 5599.85, 1950, -0.00600465, -5.64449, 100.19, 3.12728
16.1801, 5599.85, 1950, -0.00600465, -5.64449, 100.19, 3.12728
16.19, 5599.85, 1950, -0.0052621, -5.64449, 100.19, 3.12728
16.2001, 5599.85, 1950, -0.0052621, -5.64449, 100.19, 3.01496
16.2101, 5599.85, 1950, -0.00557997, -5.64449, 100.19, 3.01496
16.2201, 5599.85, 1950, -0.00557997, -5.64449, 100.19, 3.01496
16.2301, 5599.85, 1950, -0.00497525, -5.64449, 100.19, 3.01496
16.2401, 5599.85, 1950, -0.00497525, -5.64449, 100.19, 3.01496
16.2501, 5599.85, 1950, -0.00647238, -5.64449, 100.19, 3.01496
16.2601, 5599.85, 1950, -0.00647238, -5.64449, 100.19, 3.7084
16.2701, 5599.85, 1950, -0.00703741, -5.64449, 100.19, 3.7084
16.2801, 5599.85, 1950, -0.00703741, -5.64449, 100.19, 3.7084
16.2901, 5599.85, 1950, -0.00731851, -5.64449, 100.19, 3.7084
16.3001, 5599.85, 1950, -0.00731851, -5.64449, 100.19, 3.7084
16.3101, 5599.85, 1950, -0.00811485, -5.64449, 100.19, 3.7084
16.3201, 5599.85, 1950, -0.00811485, -5.64449, 100.19, 3.7084
16.3301, 5599.85, 1950, -0.00759729, -5.64449, 100.19, 4.64947
16.3401, 5599.85, 1950, -0.00759729, -5.64449, 100.19, 4.64947
16.3501, 5599.85, 1950, -0.00808562, -5.64449, 100.19, 4.64947
16.3601, 5599.85, 1950, -0.00808562, -5.64449, 100.19, 4.64947
16.3701, 5599.85, 1950, -0.00681413, -5.64449, 100.19, 4.64947
16.3801, 5599.85, 1950, -0.00681413, -5.64449, 100.19, 4.64947
16.3901, 5599.85, 1950, -0.00600734, -5.64449, 100.19, 4.64947
16.4001, 5599.85, 1950, -0.00600734, -5.64449, 100.19, 3.44195
16.4101, 5599.85, 1950, -0.00551579, -5.64449, 100.19, 3.44195
16.4201, 5599.85, 1950, -0.00551579, -5.64449, 100.19, 3.44195
16.4301, 5599.85, 1950, -0.00611246, -5.64449, 100.19, 3.44195
16.4401, 5599.85, 1950, -0.00611246, -5.64449, 100.19, 3.44195
16.4501, 5599.85, 1950, -0.00632681, -5.64449, 100.19, 3.44195
16.4601, 5599.85, 1950, -0.00632681, -5.64449, 100.19, 3.62499
16.4701, 5599.85, 1950, -0.00644595, -5.64449, 100.19, 3.62499
16.4801, 5599.85, 1950, -0.00644595, -5.64449, 100.19, 3.62499
16.4901, 5599.85, 1950, -0.00668785, -5.64449, 100.19, 3.62499
16.5001, 5599.85, 1950, -0.00668785, -5.64449, 100.19, 3.62499
16.5101, 5599.85, 1950, -0.00651968, -5.64449, 100.19, 3.62499
16.5201, 5599.85, 1950, -0.00651968, -5.64449, 100.19, 3.62499
16.5301, 5599.85, 1950, -0.0064491, -5.64449, 100.19, 3.7355
16.5401, 5599.85, 1950, -0.0064491, -5.64449, 100.19, 3.7355
16.5501, 5599.85, 1950, -0.00668699, -5.64449, 100.19, 3.7355
16.5601, 5599.85, 1950, -0.00668699, -5.64449, 100.19, 3.7355
16.5701, 5599.85, 1950, -0.00533419, -5.64449, 100.19, 3.7355
16.5801, 5599.85, 1950, -0.00533419, -5.64449, 100.19, 3.7355
16.5901, 5599.85, 1950, -0.00437624, -5.64449, 100.19, 3.7355
16.6001, 5599.85, 1950, -0.00437624, -5.64449, 100.19, 2.5074
16.6101, 5599.85, 1950, -0.00252062, -5.64449, 100.19, 2.5074
16.6201, 5599.85, 1950, -0.00252062, -5.64449, 100.19, 2.5074
16.6301, 5599.85, 1950, -0.00219103, -5.64449, 100.19, 2.5074
16.6401, 5599.85, 1950, -0.00219103, -5.64449, 100.19, 2.5074
16.6501, 5599.85, 1950, -0.00219103, -5.64449, 100.19, 2.5074
16.6601, 5599.85, 1950, -0.00193447, -5.64449, 100.19, 1.10837
16.6701, 5599.85, 1950, -0.00303677, -5.64449, 100.19, 1.10837
16.6801, 5599.85, 1950, -0.00303677, -5.64449, 100.19, 1.10837
16.6901, 5599.85, 1950, -0.00244141, -5.64449, 100.19, 1.10837
16.7001, 5599.85, 1950, -0.00244141, -5.64449, 100.19, 1.10837
16.7101, 5599.85, 1950, -0.00244141, -5.64449, 100.19, 1.10837
16.7201, 5599.85, 1950, -0.00298127, -5.64449, 100.19, 1.10837
16.7301, 5599.85, 1950, -0.00298127, -5.64449, 100.19, 1.70814
16.7401, 5599.85, 1950, -0.00212048, -5.64449, 100.19, 1.70814
16.7501, 5599.85, 1950, -0.00212048, -5.64449, 100.19, 1.70814
16.7601, 5599.85, 1950, -0.0011807, -5.64449, 100.19, 1.70814
16.7701, 5599.85, 1950, -0.0011807, -5.64449, 100.19, 1.70814
16.7801, 5599.85, 1950, -3.6324e-05, -5.64449, 100.19, 1.70814
16.7901, 5599.85, 1950, -0.000298564, -5.64449, 100.19, 1.70814
16.8001, 5599.85, 1950, -0.000298564, -5.64449, 100.19, 0.171064
16.8101, 5599.85, 1950, -0.000578503, -5.64449, 100.19, 0.171064
16.8201, 5599.85, 1950, -0.000578503, -5.64449, 100.19, 0.171064
16.8301, 5599.85, 1950, -0.000578503, -5.64449, 100.19, 0.171064
16.8401, 5599.85, 1950, 0.000192832, -5.64449, 100.19, 0.171064
16.8501, 5599.85, 1950, 0.000192832, -5.64449, 100.19, 0.171064
16.8601, 5599.85, 1950, -0.000973214, -5.64449, 100.19, 0.55761
16.8701, 5599.85, 1950, -0.000973214, -5.64449, 100.19, 0.55761
16.8801, 5599.85, 1950, -0.00179339, -5.64449, 100.19, 0.55761
16.8901, 5599.85, 1950, -0.00179339, -5.64449, 100.19, 0.55761
16.9001, 5599.85, 1950, -0.00176755, -5.64449, 100.19, 0.55761
16.9101, 5599.85, 1950, -0.00176755, -5.64449, 100.19, 0.55761
16.9201, 5599.85, 1950, -0.00174019, -5.64449, 100.19, 0.55761
16.9301, 5599.85, 1950, -0.00174019, -5.64449, 100.19, 0.997055
16.9401, 5599.85, 1950, -0.000538164, -5.64449, 100.19, 0.997055
16.9501, 5599.85, 1950, -0.000871709, -5.64449, 100.19, 0.997055
16.9601, 5599.85, 1950, -0.000871709, -5.64449, 100.19, 0.997055
16.9701, 5599.85, 1950, -0.000871709, -5.64449, 100.19, 0.997055
16.9801, 5599.85, 1950, -0.00148801, -5.64449, 100.19, 0.997055
16.9901, 5599.85, 1950, -0.00148801, -5.64449, 100.19, 0.997055
17.0001, 5599.85, 1950, -0.0014706, -5.64449, 100.19, 0.852564
17.0101, 5599.85, 1950, -0.0014706, -5.64449, 100.19, 0.852564
17.0201, 5599.85, 1950, -0.00123752, -5.64449, 100.19, 0.852564
17.0301, 5599.85, 1950, -0.00123752, -5.64449, 100.19, 0.852564
17.0401, 5599.85, 1950, -0.000937371, -5.64449, 100.19, 0.852564
17.0501, 5599.85, 1950, -0.000937371, -5.64449, 100.19, 0.852564
17.0601, 5599.85, 1950, -0.00048588, -5.64449, 100.19, 0.278389
17.0701, 5599.85, 1950, -0.00048588, -5.64449, 100.19, 0.278389
17.0801, 5599.85, 1950, -0.000755724, -5.64449, 100.19, 0.278389
17.0901, 5599.85, 1950, -0.000755724, -5.64449, 100.19, 0.278389
17.1001, 5599.85, 1950, -2.67075e-05, -5.64449, 100.19, 0.278389
17.1101, 5599.85, 1950, -2.67075e-05, -5.64449, 100.19, 0.278389
17.12, 5599.85, 1950, -2.33793e-05, -5.64449, 100.19, 0.278389
17.1301, 5599.85, 1950, -2.33793e-05, -5.64449, 100.19, 0.0133954
17.1401, 5599.85, 1950, -0.000624217, -5.64449, 100.19, 0.0133954
17.1501, 5599.85, 1950, -0.000624217, -5.64449, 100.19, 0.0133954
17.1601, 5599.85, 1950, 0.000546192, -5.64449, 100.19, 0.0133954
17.1701, 5599.85, 1950, 0.000546192, -5.64449, 100.19, 0.0133954
17.1801, 5599.85, 1950, 0.000307133, -5.64449, 100.19, 0.0133954
17.1901, 5599.85, 1950, 0.000307133, -5.64449, 100.19, 0.0133954
17.2001, 5599.85, 1950, 0.000768712, -5.64449, 100.19, -0.175974
17.2101, 5599.85, 1950, 0.000768712, -5.64449, 100.19, -0.175974
17.2201, 5599.85, 1950, 0.00138598, -5.64449, 100.19, -0.175974
17.2301, 5599.85, 1950, 0.00138598, -5.64449, 100.19, -0.175974
17.2401, 5599.85, 1950, 0.00149514, -5.64449, 100.19, -0.175974
17.2501, 5599.85, 1950, 0.00149514, -5.64449, 100.19, -0.175974
17.2601, 5599.85, 1950, 0.000970646, -5.64449, 100.19, -0.556139
17.2701, 5599.85, 1950, 0.000970646, -5.64449, 100.19, -0.556139
17.2801, 5599.85, 1950, 0.00124261, -5.64449, 100.19, -0.556139
17.2901, 5599.85, 1950, 0.00124261, -5.64449, 100.19, -0.556139
17.3001, 5599.85, 1950, 0.00208762, -5.64449, 100.19, -0.556139
17.3101, 5599.85, 1950, 0.00208762, -5.64449, 100.19, -0.556139
17.3201, 5599.85, 1950, 0.00239269, -5.64449, 100.19, -0.556139
17.3301, 5599.85, 1950, 0.00239269, -5.64449, 100.19, -1.37091
17.3401, 5599.85, 1950, 0.00192258, -5.64449, 100.19, -1.37091
17.3501, 5599.85, 1950, 0.00192258, -5.64449, 100.19, -1.37091
17.3601, 5599.85, 1950, 0.00192476, -5.64449, 100.19, -1.37091
17.3701, 5599.85, 1950, 0.00192476, -5.64449, 100.19, -1.37091
17.3801, 5599.85, 1950, 0.00206506, -5.64449, 100.19, -1.37091
17.3901, 5599.85, 1950, 0.00206506, -5.64449, 100.19, -1.37091
17.4001, 5599.85, 1950, 0.00187849, -5.64449, 100.19, -1.18319
17.4101, 5599.85, 1950, 0.00187849, -5.64449, 100.19, -1.18319
17.4201, 5599.85, 1950, 0.00223159, -5.64449, 100.19, -1.18319
17.4301, 5599.85, 1950, 0.00223159, -5.64449, 100.19, -1.18319
17.4401, 5599.85, 1950, 0.0032659, -5.64449, 100.19, -1.18319
17.4501, 5599.85, 1950, 0.0032659, -5.64449, 100.19, -1.18319
17.4601, 5599.85, 1950, 0.00392561, -5.64449, 100.19, -2.24921
17.4701, 5599.85, 1950, 0.00392561, -5.64449, 100.19, -2.24921
17.4801, 5599.85, 1950, 0.00334223, -5.64449, 100.19, -2.24921
17.4901, 5599.85, 1950, 0.00334223, -5.64449, 100.19, -2.24921
17.5001, 5599.85, 1950, 0.00337428, -5.64449, 100.19, -2.24921
17.5101, 5599.85, 1950, 0.00337428, -5.64449, 100.19, -2.24921
17.5201, 5599.85, 1950, 0.00283618, -5.64449, 100.19, -2.24921
17.5301, 5599.85, 1950, 0.00283618, -5.64449, 100.19, -1.62501
17.5401, 5599.85, 1950, 0.00283923, -5.64449, 100.19, -1.62501
17.5501, 5599.85, 1950, 0.00283923, -5.64449, 100.19, -1.62501
17.5601, 5599.85, 1950, 0.00286236, -5.64449, 100.19, -1.62501
17.5701, 5599.85, 1950, 0.00286236, -5.64449, 100.19, -1.62501
17.5801, 5599.85, 1950, 0.00287918, -5.64449, 100.19, -1.62501
17.5901, 5599.85, 1950, 0.00287918, -5.64449, 100.19, -1.62501
17.6001, 5599.85, 1950, 0.00361198, -5.64449, 100.19, -1.64965
17.6101, 5599.85, 1950, 0.00361198, -5.64449, 100.19, -1.64965
17.6201, 5599.85, 1950, 0.0036392, -5.64449, 100.19, -1.64965
17.6301, 5599.85, 1950, 0.0036392, -5.64449, 100.19, -1.64965
17.6401, 5599.85, 1950, 0.00363326, -5.64449, 100.19, -1.64965
17.6501, 5599.85, 1950, 0.00363326, -5.64449, 100.19, -1.64965
17.6601, 5599.85, 1950, 0.00368532, -5.64449, 100.19, -2.11153
17.6701, 5599.85, 1950, 0.00368532, -5.64449, 100.19, -2.11153
17.6801, 5599.85, 1950, 0.00372777, -5.64449, 100.19, -2.11153
17.6901, 5599.85, 1950, 0.00372777, -5.64449, 100.19, -2.11153
17.7001, 5599.85, 1950, 0.00373905, -5.64449, 100.19, -2.11153
17.7101, 5599.85, 1950, 0.00373905, -5.64449, 100.19, -2.11153
17.7201, 5599.85, 1950, 0.00357069, -5.64449, 100.19, -2.11153
17.7301, 5599.85, 1950, 0.00357069, -5.64449, 100.19, -2.04585
17.7401, 5599.85, 1950, 0.00355101, -5.64449, 100.19, -2.04585
17.7501, 5599.85, 1950, 0.00355101, -5.64449, 100.19, -2.04585
17.7601, 5599.85, 1950, 0.00386926, -5.64449, 100.19, -2.04585
17.7701, 5599.85, 1950, 0.00386926, -5.64449, 100.19, -2.04585
17.7801, 5599.85, 1950, 0.00390705, -5.64449, 100.19, -2.04585
17.7901, 5599.85, 1950, 0.00390705, -5.64449, 100.19, -2.04585
17.8001, 5599.85, 1950, 0.00367739, -5.64449, 100.19, -2.23858
17.8101, 5599.85, 1950, 0.00367739, -5.64449, 100.19, -2.23858
17.8201, 5599.85, 1950, 0.00430745, -5.64449, 100.19, -2.23858
17.8301, 5599.85, 1950, 0.00430745, -5.64449, 100.19, -2.23858
17.8401, 5599.85, 1950, 0.00342887, -5.64449, 100.19, -2.23858
17.8501, 5599.85, 1950, 0.00342887, -5.64449, 100.19, -2.23858
17.8601, 5599.85, 1950, 0.00275183, -5.64449, 100.19, -1.57668
17.8701, 5599.85, 1950, 0.00275183, -5.64449, 100.19, -1.57668
17.8801, 5599.85, 1950, 0.0027138, -5.64449, 100.19, -1.57668
17.8901, 5599.85, 1950, 0.0027138, -5.64449, 100.19, -1.57668
17.9001, 5599.85, 1950, 0.00379831, -5.64449, 100.19, -1.57668
17.9101, 5599.85, 1950, 0.00379831, -5.64449, 100.19, -1.57668
17.9201, 5599.85, 1950, 0.00381546, -5.64449, 100.19, -1.57668
17.9301, 5599.85, 1950, 0.00381546, -5.64449, 100.19, -2.1861
17.9401, 5599.85, 1950, 0.00361257, -5.64449, 100.19, -2.1861
17.9501, 5599.85, 1950, 0.00361257, -5.64449, 100.19, -2.1861
17.9601, 5599.85, 1950, 0.00394246, -5.64449, 100.19, -2.1861
17.9701, 5599.85, 1950, 0.00394246, -5.64449, 100.19, -2.1861
17.9801, 5599.85, 1950, 0.00334535, -5.64449, 100.19, -2.1861
17.9901, 5599.85, 1950, 0.00334535, -5.64449, 100.19, -2.1861
18.0001, 5599.85, 1950, 0.00334535, -5.64449, 100.19, -1.91675
18.0101, 5599.85, 1950, 0.00387364, -5.64449, 100.19, -1.91675
18.0201, 5599.85, 1950, 0.00387364, -5.64449, 100.19, -1.91675
18.0301, 5599.85, 1950, 0.00387364, -5.64449, 100.19, -1.91675
18.0401, 5599.85, 1950, 0.00501348, -5.64449, 100.19, -1.91675
18.0501, 5599.85, 1950, 0.00501348, -5.64449, 100.19, -1.91675
18.0601, 5599.85, 1950, 0.00434256, -5.64449, 100.19, -2.4881
18.0701, 5599.85, 1950, 0.00434256, -5.64449, 100.19, -2.4881
18.0801, 5599.85, 1950, 0.00460675, -5.64449, 100.19, -2.4881
18.0901, 5599.85, 1950, 0.00460675, -5.64449, 100.19, -2.4881
18.1001, 5599.85, 1950, 0.00460675, -5.64449, 100.19, -2.4881
18.1101, 5599.85, 1950, 0.00460675, -5.64449, 100.19, -2.4881
18.1201, 5599.85, 1950, 0.00529772, -5.64449, 100.19, -2.4881
18.1301, 5599.85, 1950, 0.00529772, -5.64449, 100.19, -3.03537
18.1401, 5599.85, 1950, 0.00537021, -5.64449, 100.19, -3.03537
18.1501, 5599.85, 1950, 0.00537021, -5.64449, 100.19, -3.03537
18.1601, 5599.85, 1950, 0.00465529, -5.64449, 100.19, -3.03537
18.1701, 5599.85, 1950, 0.00465529, -5.64449, 100.19, -3.03537
18.1801, 5599.85, 1950, 0.00474075, -5.64449, 100.19, -3.03537
18.1901, 5599.85, 1950, 0.00474075, -5.64449, 100.19, -3.03537
18.2001, 5599.85, 1950, 0.00535038, -5.64449, 100.19, -2.71625
18.2101, 5599.85, 1950, 0.00535038, -5.64449, 100.19, -2.71625
18.2201, 5599.85, 1950, 0.00538619, -5.64449, 100.19, -2.71625
18.2301, 5599.85, 1950, 0.00538619, -5.64449, 100.19, -2.71625
18.2401, 5599.85, 1950, 0.00458465, -5.64449, 100.19, -2.71625
18.2501, 5599.85, 1950, 0.00458465, -5.64449, 100.19, -2.71625
18.2601, 5599.85, 1950, 0.00497933, -5.64449, 100.19, -2.85295
18.2701, 5599.85, 1950, 0.00497933, -5.64449, 100.19, -2.85295
18.2801, 5599.85, 1950, 0.00503907, -5.64449, 100.19, -2.85295
18.2901, 5599.85, 1950, 0.00503907, -5.64449, 100.19, -2.85295
18.3001, 5599.85, 1950, 0.00505215, -5.64449, 100.19, -2.85295
18.3101, 5599.85, 1950, 0.00505215, -5.64449, 100.19, -2.85295
18.3201, 5599.85, 1950, 0.00440703, -5.64449, 100.19, -2.85295
18.3301, 5599.85, 1950, 0.00440703, -5.64449, 100.19, -2.52504
18.3401, 5599.85, 1950, 0.00529842, -5.64449, 100.19, -2.52504
18.3501, 5599.85, 1950, 0.00529842, -5.64449, 100.19, -2.52504
18.3601, 5599.85, 1950, 0.00508665, -5.64449, 100.19, -2.52504
18.3701, 5599.85, 1950, 0.00508665, -5.64449, 100.19, -2.52504
18.3801, 5599.85, 1950, 0.00574178, -5.64449, 100.19, -2.52504
18.3901, 5599.85, 1950, 0.00574178, -5.64449, 100.19, -2.52504
18.4001, 5599.85, 1950, 0.00626015, -5.64449, 100.19, -3.2898
18.4101, 5599.85, 1950, 0.00626015, -5.64449, 100.19, -3.2898
18.4201, 5599.85, 1950, 0.00553125, -5.64449, 100.19, -3.2898
18.4301, 5599.85, 1950, 0.00553125, -5.64449, 100.19, -3.2898
18.4401, 5599.85, 1950, 0.00444274, -5.64449, 100.19, -3.2898
18.4501, 5599.85, 1950, 0.00444274, -5.64449, 100.19, -3.2898
18.4601, 5599.85, 1950, 0.0049886, -5.64449, 100.19, -2.85826
18.4701, 5599.85, 1950, 0.0049886, -5.64449, 100.19, -2.85826
18.4801, 5599.85, 1950, 0.00502681, -5.64449, 100.19, -2.85826
18.4901, 5599.85, 1950, 0.00502681, -5.64449, 100.19, -2.85826
18.5001, 5599.85, 1950, 0.00558652, -5.64449, 100.19, -2.85826
18.5101, 5599.85, 1950, 0.00558652, -5.64449, 100.19, -2.85826
18.5201, 5599.85, 1950, 0.00529806, -5.64449, 100.19, -2.85826
18.5301, 5599.85, 1950, 0.00529806, -5.64449, 100.19, -3.03556
18.5401, 5599.85, 1950, 0.00751912, -5.64449, 100.19, -3.03556
18.5501, 5599.85, 1950, 0.00751912, -5.64449, 100.19, -3.03556
18.5601, 5599.85, 1950, 0.00756098, -5.64449, 100.19, -3.03556
18.5701, 5599.85, 1950, 0.00756098, -5.64449, 100.19, -3.03556
18.5801, 5599.85, 1950, 0.00683782, -5.64449, 100.19, -3.03556
18.5901, 5599.85, 1950, 0.00683782, -5.64449, 100.19, -3.03556
18.6001, 5599.85, 1950, 0.00758653, -5.64449, 100.19, -3.91778
18.6101, 5599.85, 1950, 0.00758653, -5.64449, 100.19, -3.91778
18.6201, 5599.85, 1950, 0.00862987, -5.64449, 100.19, -3.91778
18.6301, 5599.85, 1950, 0.00862987, -5.64449, 100.19, -3.91778
18.6401, 5599.85, 1950, 0.0089334, -5.64449, 100.19, -3.91778
18.6501, 5599.85, 1950, 0.0089334, -5.64449, 100.19, -3.91778
18.6601, 5599.85, 1950, 0.00952724, -5.64449, 100.19, -5.45871
18.6701, 5599.85, 1950, 0.00952724, -5.64449, 100.19, -5.45871
18.6801, 5599.85, 1950, 0.00893528, -5.64449, 100.19, -5.45871
18.6901, 5599.85, 1950, 0.00893528, -5.64449, 100.19, -5.45871
18.7001, 5599.85, 1950, 0.00775449, -5.64449, 100.19, -5.45871
18.7101, 5599.85, 1950, 0.00775449, -5.64449, 100.19, -5.45871
18.7201, 5599.85, 1950, 0.00681018, -5.64449, 100.19, -5.45871
18.7301, 5599.85, 1950, 0.00681018, -5.64449, 100.19, -3.90195
18.7401, 5599.85, 1950, 0.00706227, -5.64449, 100.19, -3.90195
18.7501, 5599.85, 1950, 0.00706227, -5.64449, 100.19, -3.90195
18.7601, 5599.85, 1950, 0.00644752, -5.64449, 100.19, -3.90195
18.7701, 5599.85, 1950, 0.00644752, -5.64449, 100.19, -3.90195
18.7801, 5599.85, 1950, 0.00600484, -5.64449, 100.19, -3.90195
18.7901, 5599.85, 1950, 0.00600484, -5.64449, 100.19, -3.90195
18.8001, 5599.85, 1950, 0.00600484, -5.64449, 100.19, -3.44052
18.8101, 5599.85, 1950, 0.00699001, -5.64449, 100.19, -3.44052
18.8201, 5599.85, 1950, 0.00700731, -5.64449, 100.19, -3.44052
18.83, 5599.85, 1950, 0.00700731, -5.64449, 100.19, -3.44052
18.8401, 5599.85, 1950, 0.00589489, -5.64449, 100.19, -3.44052
18.8501, 5599.85, 1950, 0.00589489, -5.64449, 100.19, -3.44052
18.8601, 5599.85, 1950, 0.00520201, -5.64449, 100.19, -2.98053
18.8701, 5599.85, 1950, 0.00520201, -5.64449, 100.19, -2.98053
18.8801, 5599.85, 1950, 0.00543036, -5.64449, 100.19, -2.98053
18.8901, 5599.85, 1950, 0.00543036, -5.64449, 100.19, -2.98053
18.9001, 5599.85, 1950, 0.00544759, -5.64449, 100.19, -2.98053
18.9101, 5599.85, 1950, 0.00544759, -5.64449, 100.19, -2.98053
18.9201, 5599.85, 1950, 0.00641138, -5.64449, 100.19, -2.98053
18.9301, 5599.85, 1950, 0.00641138, -5.64449, 100.19, -3.67345
18.9401, 5599.85, 1950, 0.00695084, -5.64449, 100.19, -3.67345
18.9501, 5599.85, 1950, 0.00695084, -5.64449, 100.19, -3.67345
18.9601, 5599.85, 1950, 0.00670881, -5.64449, 100.19, -3.67345
18.9701, 5599.85, 1950, 0.00670881, -5.64449, 100.19, -3.67345
18.9801, 5599.85, 1950, 0.00668734, -5.64449, 100.19, -3.67345
18.9901, 5599.85, 1950, 0.00668734, -5.64449, 100.19, -3.67345
19.0001, 5599.85, 1950, 0.00674152, -5.64449, 100.19, -3.83157
19.0101, 5599.85, 1950, 0.00674152, -5.64449, 100.19, -3.83157
19.0201, 5599.85, 1950, 0.00674888, -5.64449, 100.19, -3.83157
19.0301, 5599.85, 1950, 0.00674888, -5.64449, 100.19, -3.83157
19.0401, 5599.85, 1950, 0.00738735, -5.64449, 100.19, -3.83157
19.0501, 5599.85, 1950, 0.00738735, -5.64449, 100.19, -3.83157
19.0601, 5599.85, 1950, 0.00809936, -5.64449, 100.19, -4.64059
19.0701, 5599.85, 1950, 0.00809936, -5.64449, 100.19, -4.64059
19.0801, 5599.85, 1950, 0.00863621, -5.64449, 100.19, -4.64059
19.0901, 5599.85, 1950, 0.00863621, -5.64449, 100.19, -4.64059
19.1001, 5599.85, 1950, 0.00981743, -5.64449, 100.19, -4.64059
19.1101, 5599.85, 1950, 0.00981743, -5.64449, 100.19, -4.64059
19.1201, 5599.85, 1950, 0.0088286, -5.64449, 100.19, -4.64059
19.1301, 5599.85, 1950, 0.0088286, -5.64449, 100.19, -5.05842
19.1401, 5599.85, 1950, 0.0088286, -5.64449, 100.19, -5.05842
19.1501, 5599.85, 1950, 0.0088731, -5.64449, 100.19, -5.05842
19.1601, 5599.85, 1950, 0.0088731, -5.64449, 100.19, -5.05842
19.1701, 5599.85, 1950, 0.00892766, -5.64449, 100.19, -5.05842
19.1801, 5599.85, 1950, 0.00892766, -5.64449, 100.19, -5.05842
19.1901, 5599.85, 1950, 0.00848708, -5.64449, 100.19, -5.05842
19.2001, 5599.85, 1950, 0.00848708, -5.64449, 100.19, -4.86274
19.2101, 5599.85, 1950, 0.00878739, -5.64449, 100.19, -4.86274
19.2201, 5599.85, 1950, 0.00878739, -5.64449, 100.19, -4.86274
19.2301, 5599.85, 1950, 0.00946052, -5.64449, 100.19, -4.86274
19.2401, 5599.85, 1950, 0.00946052, -5.64449, 100.19, -4.86274
19.2501, 5599.85, 1950, 0.0107119, -5.64449, 100.19, -4.86274
19.2601, 5599.85, 1950, 0.0107119, -5.64449, 100.19, -6.13748
19.2701, 5599.85, 1950, 0.0110081, -5.64449, 100.19, -6.13748
19.2801, 5599.85, 1950, 0.0110081, -5.64449, 100.19, -6.13748
19.2901, 5599.85, 1950, 0.0101574, -5.64449, 100.19, -6.13748
19.3001, 5599.85, 1950, 0.00957232, -5.64449, 100.19, -6.13748
19.3101, 5599.85, 1950, 0.00957232, -5.64449, 100.19, -6.13748
19.3201, 5599.85, 1950, 0.00957232, -5.64449, 100.19, -6.13748
19.3301, 5599.85, 1950, 0.00908401, -5.64449, 100.19, -5.48454
19.3401, 5599.85, 1950, 0.00908401, -5.64449, 100.19, -5.48454
19.3501, 5599.85, 1950, 0.00852284, -5.64449, 100.19, -5.48454
19.3601, 5599.85, 1950, 0.00852284, -5.64449, 100.19, -5.48454
19.3701, 5599.85, 1950, 0.00794273, -5.64449, 100.19, -5.48454
19.3801, 5599.85, 1950, 0.00794273, -5.64449, 100.19, -5.48454
19.3901, 5599.85, 1950, 0.00813736, -5.64449, 100.19, -5.48454
19.4001, 5599.85, 1950, 0.00813736, -5.64449, 100.19, -4.66236
19.4101, 5599.85, 1950, 0.00897666, -5.64449, 100.19, -4.66236
19.4201, 5599.85, 1950, 0.00897666, -5.64449, 100.19, -4.66236
19.4301, 5599.85, 1950, 0.0087561, -5.64449, 100.19, -4.66236
19.4401, 5599.85, 1950, 0.0087561, -5.64449, 100.19, -4.66236
19.4501, 5599.85, 1950, 0.008428, -5.64449, 100.19, -4.66236
19.4601, 5599.85, 1950, 0.008428, -5.64449, 100.19, -4.82889
19.4701, 5599.85, 1950, 0.0087011, -5.64449, 100.19, -4.82889
19.4801, 5599.85, 1950, 0.0087011, -5.64449, 100.19, -4.82889
19.4901, 5599.85, 1950, 0.0091775, -5.64449, 100.19, -4.82889
19.5001, 5599.85, 1950, 0.0091775, -5.64449, 100.19, -4.82889
19.5101, 5599.85, 1950, 0.00904477, -5.64449, 100.19, -4.82889
19.5201, 5599.85, 1950, 0.00904477, -5.64449, 100.19, -4.82889
19.5301, 5599.85, 1950, 0.00953428, -5.64449, 100.19, -5.18227
19.5401, 5599.85, 1950, 0.00953428, -5.64449, 100.19, -5.18227
19.5501, 5599.85, 1950, 0.0101134, -5.64449, 100.19, -5.18227
19.5601, 5599.85, 1950, 0.0101134, -5.64449, 100.19, -5.18227
19.5701, 5599.85, 1950, 0.0101396, -5.64449, 100.19, -5.18227
19.5801, 5599.85, 1950, 0.0101396, -5.64449, 100.19, -5.18227
19.5901, 5599.85, 1950, 0.0106552, -5.64449, 100.19, -5.18227
19.6001, 5599.85, 1950, 0.0106552, -5.64449, 100.19, -6.10497
19.6101, 5599.85, 1950, 0.0106445, -5.64449, 100.19, -6.10497
19.6201, 5599.85, 1950, 0.0106445, -5.64449, 100.19, -6.10497
19.6301, 5599.85, 1950, 0.0109201, -5.64449, 100.19, -6.10497
19.6401, 5599.85, 1950, 0.0109201, -5.64449, 100.19, -6.10497
19.6501, 5599.85, 1950, 0.0116071, -5.64449, 100.19, -6.10497
19.6601, 5599.85, 1950, 0.0116071, -5.64449, 100.19, -6.65036
19.6701, 5599.85, 1950, 0.0118669, -5.64449, 100.19, -6.65036
19.6801, 5599.85, 1950, 0.0118669, -5.64449, 100.19, -6.65036
19.6901, 5599.85, 1950, 0.0111717, -5.64449, 100.19, -6.65036
19.7001, 5599.85, 1950, 0.0111717, -5.64449, 100.19, -6.65036
19.7101, 5599.85, 1950, 0.0100352, -5.64449, 100.19, -6.65036
19.7201, 5599.85, 1950, 0.0100352, -5.64449, 100.19, -6.65036
19.7301, 5599.85, 1950, 0.00979986, -5.64449, 100.19, -5.74975
19.7401, 5599.85, 1950, 0.00979986, -5.64449, 100.19, -5.74975
19.7501, 5599.85, 1950, 0.0104567, -5.64449, 100.19, -5.74975
19.7601, 5599.85, 1950, 0.0104567, -5.64449, 100.19, -5.74975
19.7701, 5599.85, 1950, 0.0104861, -5.64449, 100.19, -5.74975
19.7801, 5599.85, 1950, 0.0104861, -5.64449, 100.19, -5.74975
19.7901, 5599.85, 1950, 0.0109649, -5.64449, 100.19, -5.74975
19.8001, 5599.85, 1950, 0.0109649, -5.64449, 100.19, -6.28242
19.8101, 5599.85, 1950, 0.0104341, -5.64449, 100.19, -6.28242
19.8201, 5599.85, 1950, 0.0104341, -5.64449, 100.19, -6.28242
19.8301, 5599.85, 1950, 0.0104153, -5.64449, 100.19, -6.28242
19.8401, 5599.85, 1950, 0.0104153, -5.64449, 100.19, -6.28242
19.8501, 5599.85, 1950, 0.00991631, -5.64449, 100.19, -6.28242
19.8601, 5599.85, 1950, 0.00991631, -5.64449, 100.19, -5.68163
19.8701, 5599.85, 1950, 0.00895026, -5.64449, 100.19, -5.68163
19.8801, 5599.85, 1950, 0.00895026, -5.64449, 100.19, -5.68163
19.8901, 5599.85, 1950, 0.0099755, -5.64449, 100.19, -5.68163
19.9001, 5599.85, 1950, 0.0099755, -5.64449, 100.19, -5.68163
19.9101, 5599.85, 1950, 0.0094443, -5.64449, 100.19, -5.68163
19.9201, 5599.85, 1950, 0.0094443, -5.64449, 100.19, -5.68163
19.9301, 5599.85, 1950, 0.00949802, -5.64449, 100.19, -5.41119
19.9401, 5599.85, 1950, 0.00949802, -5.64449, 100.19, -5.41119
19.9501, 5599.85, 1950, 0.00881766, -5.64449, 100.19, -5.41119
19.9601, 5599.85, 1950, 0.00881766, -5.64449, 100.19, -5.41119
19.9701, 5599.85, 1950, 0.00838572, -5.64449, 100.19, -5.41119
19.9801, 5599.85, 1950, 0.00838572, -5.64449, 100.19, -5.41119
19.9901, 5599.85, 1950, 0.00888302, -5.64449, 100.19, -5.41119
20.0001, 5599.85, 1950, 0.00888302, -5.64449, 100.19, -5.0896
20.0101, 5599.85, 1950, 0.0092215, -5.64449, 100.19, -5.0896
20.0201, 5599.85, 1950, 0.0092215, -5.64449, 100.19, -5.0896
20.0301, 5599.85, 1950, 0.00891001, -5.64449, 100.19, -5.0896
20.0401, 5599.85, 1950, 0.00891001, -5.64449, 100.19, -5.0896
20.0501, 5599.85, 1950, 0.00831283, -5.64449, 100.19, -5.0896
20.0601, 5599.85, 1950, 0.00831283, -5.64449, 100.19, -4.7629
20.0701, 5599.85, 1950, 0.00894669, -5.64449, 100.19, -4.7629
20.0801, 5599.85, 1950, 0.00894669, -5.64449, 100.19, -4.7629
20.0901, 5599.85, 1950, 0.0086046, -5.64449, 100.19, -4.7629
20.1001, 5599.85, 1950, 0.0086046, -5.64449, 100.19, -4.7629
20.1101, 5599.85, 1950, 0.00708495, -5.64449, 100.19, -4.7629
20.1201, 5599.85, 1950, 0.00708495, -5.64449, 100.19, -4.7629
20.1301, 5599.85, 1950, 0.00612644, -5.64449, 100.19, -4.05938
20.1401, 5599.85, 1950, 0.00612644, -5.64449, 100.19, -4.05938
20.1501, 5599.85, 1950, 0.00582984, -5.64449, 100.19, -4.05938
20.1601, 5599.85, 1950, 0.00582984, -5.64449, 100.19, -4.05938
20.1701, 5599.85, 1950, 0.00587041, -5.64449, 100.19, -4.05938
20.1801, 5599.85, 1950, 0.00587041, -5.64449, 100.19, -4.05938
20.1901, 5599.85, 1950, 0.00528124, -5.64449, 100.19, -4.05938
20.2001, 5599.85, 1950, 0.00528124, -5.64449, 100.19, -3.02593
20.2101, 5599.85, 1950, 0.00532227, -5.64449, 100.19, -3.02593
20.2201, 5599.85, 1950, 0.00532227, -5.64449, 100.19, -3.02593
20.2301, 5599.85, 1950, 0.00641348, -5.64449, 100.19, -3.02593
20.2401, 5599.85, 1950, 0.00641348, -5.64449, 100.19, -3.02593
20.2501, 5599.85, 1950, 0.00556861, -5.64449, 100.19, -3.02593
20.2601, 5599.85, 1950, 0.00556861, -5.64449, 100.19, -3.19058
20.2701, 5599.85, 1950, 0.00557703, -5.64449, 100.19, -3.19058
20.2801, 5599.85, 1950, 0.00557703, -5.64449, 100.19, -3.19058
20.2901, 5599.85, 1950, 0.00496068, -5.64449, 100.19, -3.19058
20.3001, 5599.85, 1950, 0.00496068, -5.64449, 100.19, -3.19058
20.3101, 5599.85, 1950, 0.00511769, -5.64449, 100.19, -3.19058
20.3201, 5599.85, 1950, 0.00511769, -5.64449, 100.19, -3.19058
20.3301, 5599.85, 1950, 0.00541176, -5.64449, 100.19, -2.93222
20.3401, 5599.85, 1950, 0.00541176, -5.64449, 100.19, -2.93222
20.3501, 5599.85, 1950, 0.00542522, -5.64449, 100.19, -2.93222
20.3601, 5599.85, 1950, 0.00542522, -5.64449, 100.19, -2.93222
20.3701, 5599.85, 1950, 0.00544125, -5.64449, 100.19, -2.93222
20.3801, 5599.85, 1950, 0.00544125, -5.64449, 100.19, -2.93222
20.3901, 5599.85, 1950, 0.00457415, -5.64449, 100.19, -2.93222
20.4001, 5599.85, 1950, 0.00457415, -5.64449, 100.19, -2.62079
20.4101, 5599.85, 1950, 0.00487448, -5.64449, 100.19, -2.62079
20.4201, 5599.85, 1950, 0.00487448, -5.64449, 100.19, -2.62079
20.4301, 5599.85, 1950, 0.00575347, -5.64449, 100.19, -2.62079
20.4401, 5599.85, 1950, 0.00575347, -5.64449, 100.19, -2.62079
20.4501, 5599.85, 1950, 0.00498728, -5.64449, 100.19, -2.62079
20.4601, 5599.85, 1950, 0.00498728, -5.64449, 100.19, -2.8575
20.4701, 5599.85, 1950, 0.0050271, -5.64449, 100.19, -2.8575
20.4801, 5599.85, 1950, 0.0050271, -5.64449, 100.19, -2.8575
20.4901, 5599.85, 1950, 0.00504752, -5.64449, 100.19, -2.8575
20.5001, 5599.85, 1950, 0.00504752, -5.64449, 100.19, -2.8575
20.5101, 5599.85, 1950, 0.00509159, -5.64449, 100.19, -2.8575
20.5201, 5599.85, 1950, 0.00509159, -5.64449, 100.19, -2.8575
20.5301, 5599.85, 1950, 0.00514691, -5.64449, 100.19, -2.91726
20.5401, 5599.85, 1950, 0.00514691, -5.64449, 100.19, -2.91726
20.5501, 5599.85, 1950, 0.00515876, -5.64449, 100.19, -2.91726
20.5601, 5599.85, 1950, 0.00515876, -5.64449, 100.19, -2.91726
20.5701, 5599.85, 1950, 0.00441469, -5.64449, 100.19, -2.91726
20.5801, 5599.85, 1950, 0.00441469, -5.64449, 100.19, -2.91726
20.5901, 5599.85, 1950, 0.00413747, -5.64449, 100.19, -2.91726
20.6001, 5599.85, 1950, 0.00413747, -5.64449, 100.19, -2.37059
20.6101, 5599.85, 1950, 0.0038519, -5.64449, 100.19, -2.37059
20.6201, 5599.85, 1950, 0.0038519, -5.64449, 100.19, -2.37059
20.6301, 5599.85, 1950, 0.00388964, -5.64449, 100.19, -2.37059
20.6401, 5599.85, 1950, 0.00388964, -5.64449, 100.19, -2.37059
20.6501, 5599.85, 1950, 0.00388964, -5.64449, 100.19, -2.37059
20.6601, 5599.85, 1950, 0.00392163, -5.64449, 100.19, -2.24693
20.6701, 5599.85, 1950, 0.00395055, -5.64449, 100.19, -2.24693
20.6801, 5599.85, 1950, 0.00395055, -5.64449, 100.19, -2.24693
20.6901, 5599.85, 1950, 0.00336273, -5.64449, 100.19, -2.24693
20.7001, 5599.85, 1950, 0.00336273, -5.64449, 100.19, -2.24693
20.7101, 5599.85, 1950, 0.0044542, -5.64449, 100.19, -2.24693
20.7201, 5599.85, 1950, 0.0044542, -5.64449, 100.19, -2.24693
20.7301, 5599.85, 1950, 0.00476638, -5.64449, 100.19, -2.55207
20.7401, 5599.85, 1950, 0.00476638, -5.64449, 100.19, -2.55207
20.7501, 5599.85, 1950, 0.00506579, -5.64449, 100.19, -2.55207
20.7601, 5599.85, 1950, 0.00506579, -5.64449, 100.19, -2.55207
20.7701, 5599.85, 1950, 0.00476433, -5.64449, 100.19, -2.55207
20.7801, 5599.85, 1950, 0.00476433, -5.64449, 100.19, -2.55207
20.7901, 5599.85, 1950, 0.00413793, -5.64449, 100.19, -2.55207
20.8001, 5599.85, 1950, 0.00413793, -5.64449, 100.19, -2.37086
20.8101, 5599.85, 1950, 0.00446453, -5.64449, 100.19, -2.37086
20.8201, 5599.85, 1950, 0.00446453, -5.64449, 100.19, -2.37086
20.8301, 5599.85, 1950, 0.00485832, -5.64449, 100.19, -2.37086
20.8401, 5599.85, 1950, 0.00485832, -5.64449, 100.19, -2.37086
20.8501, 5599.85, 1950, 0.0045741, -5.64449, 100.19, -2.37086
20.8601, 5599.85, 1950, 0.0045741, -5.64449, 100.19, -2.62076
20.8701, 5599.85, 1950, 0.0042687, -5.64449, 100.19, -2.62076
20.8801, 5599.85, 1950, 0.0042687, -5.64449, 100.19, -2.62076
20.8901, 5599.85, 1950, 0.00428927, -5.64449, 100.19, -2.62076
20.9001, 5599.85, 1950, 0.00428927, -5.64449, 100.19, -2.62076
20.9101, 5599.85, 1950, 0.00461579, -5.64449, 100.19, -2.62076
20.9201, 5599.85, 1950, 0.00461579, -5.64449, 100.19, -2.62076
20.9301, 5599.85, 1950, 0.00442836, -5.64449, 100.19, -2.64465
20.9401, 5599.85, 1950, 0.00442836, -5.64449, 100.19, -2.64465
20.9501, 5599.85, 1950, 0.00442836, -5.64449, 100.19, -2.64465
20.9601, 5599.85, 1950, 0.00444289, -5.64449, 100.19, -2.64465
20.9701, 5599.85, 1950, 0.00448309, -5.64449, 100.19, -2.64465
20.9801, 5599.85, 1950, 0.00448309, -5.64449, 100.19, -2.64465
20.9901, 5599.85, 1950, 0.00493369, -5.64449, 100.19, -2.64465
21.0001, 5599.85, 1950, 0.00493369, -5.64449, 100.19, -2.8268
21.0101, 5599.85, 1950, 0.00524521, -5.64449, 100.19, -2.8268
21.0201, 5599.85, 1950, 0.00524521, -5.64449, 100.19, -2.8268
21.0301, 5599.85, 1950, 0.00524535, -5.64449, 100.19, -2.8268
21.0401, 5599.85, 1950, 0.00524535, -5.64449, 100.19, -2.8268
21.0501, 5599.85, 1950, 0.00524535, -5.64449, 100.19, -2.8268
21.0601, 5599.85, 1950, 0.00586591, -5.64449, 100.19, -3.36092
21.0701, 5599.85, 1950, 0.00503824, -5.64449, 100.19, -3.36092
21.0801, 5599.85, 1950, 0.00503824, -5.64449, 100.19, -3.36092
21.0901, 5599.85, 1950, 0.00563423, -5.64449, 100.19, -3.36092
21.1001, 5599.85, 1950, 0.00563423, -5.64449, 100.19, -3.36092
21.1101, 5599.85, 1950, 0.00618085, -5.64449, 100.19, -3.36092
21.1201, 5599.85, 1950, 0.00618085, -5.64449, 100.19, -3.36092
21.1301, 5599.85, 1950, 0.00618085, -5.64449, 100.19, -3.54136
21.1401, 5599.85, 1950, 0.00558866, -5.64449, 100.19, -3.54136
21.1501, 5599.85, 1950, 0.00558866, -5.64449, 100.19, -3.54136
21.1601, 5599.85, 1950, 0.00561773, -5.64449, 100.19, -3.54136
21.1701, 5599.85, 1950, 0.00670967, -5.64449, 100.19, -3.54136
21.1801, 5599.85, 1950, 0.00670967, -5.64449, 100.19, -3.54136
21.1901, 5599.85, 1950, 0.00758843, -5.64449, 100.19, -3.54136
21.2001, 5599.85, 1950, 0.00758843, -5.64449, 100.19, -4.34785
21.2101, 5599.85, 1950, 0.00758843, -5.64449, 100.19, -4.34785
21.2201, 5599.85, 1950, 0.00816271, -5.64449, 100.19, -4.34785
21.2301, 5599.85, 1950, 0.00816271, -5.64449, 100.19, -4.34785
21.2401, 5599.85, 1950, 0.00816069, -5.64449, 100.19, -4.34785
21.2501, 5599.85, 1950, 0.00811926, -5.64449, 100.19, -4.34785
21.2601, 5599.85, 1950, 0.00811926, -5.64449, 100.19, -4.65199
21.2701, 5599.85, 1950, 0.00811926, -5.64449, 100.19, -4.65199
21.2801, 5599.85, 1950, 0.00872904, -5.64449, 100.19, -4.65199
21.2901, 5599.85, 1950, 0.00872904, -5.64449, 100.19, -4.65199
21.3001, 5599.85, 1950, 0.00780316, -5.64449, 100.19, -4.65199
21.3101, 5599.85, 1950, 0.00693887, -5.64449, 100.19, -4.65199
21.3201, 5599.85, 1950, 0.00693887, -5.64449, 100.19, -4.65199
21.3301, 5599.85, 1950, 0.00639199, -5.64449, 100.19, -3.97568
21.3401, 5599.85, 1950, 0.00639199, -5.64449, 100.19, -3.97568
21.3501, 5599.85, 1950, 0.00639199, -5.64449, 100.19, -3.97568
21.3601, 5599.85, 1950, 0.0064216, -5.64449, 100.19, -3.97568
21.3701, 5599.85, 1950, 0.0064216, -5.64449, 100.19, -3.97568
21.3801, 5599.85, 1950, 0.00580946, -5.64449, 100.19, -3.97568
21.3901, 5599.85, 1950, 0.00580946, -5.64449, 100.19, -3.97568
21.4001, 5599.85, 1950, 0.00671992, -5.64449, 100.19, -3.32858
21.4101, 5599.85, 1950, 0.00671992, -5.64449, 100.19, -3.32858
21.4201, 5599.85, 1950, 0.00476507, -5.64449, 100.19, -3.32858
21.4301, 5599.85, 1950, 0.00476507, -5.64449, 100.19, -3.32858
21.4401, 5599.85, 1950, 0.00484562, -5.64449, 100.19, -3.32858
21.4501, 5599.85, 1950, 0.00484562, -5.64449, 100.19, -3.32858
21.4601, 5599.85, 1950, 0.00487785, -5.64449, 100.19, -2.7948
21.4701, 5599.85, 1950, 0.00487785, -5.64449, 100.19, -2.7948
21.4801, 5599.85, 1950, 0.00491055, -5.64449, 100.19, -2.7948
21.4901, 5599.85, 1950, 0.00491055, -5.64449, 100.19, -2.7948
21.5001, 5599.85, 1950, 0.00494009, -5.64449, 100.19, -2.7948
21.5101, 5599.85, 1950, 0.00494009, -5.64449, 100.19, -2.7948
21.5201, 5599.85, 1950, 0.00536068, -5.64449, 100.19, -2.7948
21.5301, 5599.85, 1950, 0.00536068, -5.64449, 100.19, -3.07144
21.5401, 5599.85, 1950, 0.00575701, -5.64449, 100.19, -3.07144
21.5501, 5599.85, 1950, 0.00575701, -5.64449, 100.19, -3.07144
21.5601, 5599.85, 1950, 0.00575217, -5.64449, 100.19, -3.07144
21.5701, 5599.85, 1950, 0.00575217, -5.64449, 100.19, -3.07144
21.5801, 5599.85, 1950, 0.00631704, -5.64449, 100.19, -3.07144
21.5901, 5599.85, 1950, 0.00631704, -5.64449, 100.19, -3.07144
21.6001, 5599.85, 1950, 0.00671799, -5.64449, 100.19, -3.6194
21.6101, 5599.85, 1950, 0.00671799, -5.64449, 100.19, -3.6194
21.6201, 5599.85, 1950, 0.00706375, -5.64449, 100.19, -3.6194
21.6301, 5599.85, 1950, 0.00706375, -5.64449, 100.19, -3.6194
21.6401, 5599.85, 1950, 0.00710008, -5.64449, 100.19, -3.6194
21.6501, 5599.85, 1950, 0.00710008, -5.64449, 100.19, -3.6194
21.6601, 5599.85, 1950, 0.0077382, -5.64449, 100.19, -4.43366
21.6701, 5599.85, 1950, 0.0077382, -5.64449, 100.19, -4.43366
21.6801, 5599.85, 1950, 0.00775055, -5.64449, 100.19, -4.43366
21.6901, 5599.85, 1950, 0.00775055, -5.64449, 100.19, -4.43366
21.7001, 5599.85, 1950, 0.00711853, -5.64449, 100.19, -4.43366
21.7101, 5599.85, 1950, 0.00711853, -5.64449, 100.19, -4.43366
21.7201, 5599.85, 1950, 0.00706204, -5.64449, 100.19, -4.43366
21.7301, 5599.85, 1950, 0.00706204, -5.64449, 100.19, -4.04625
21.7401, 5599.85, 1950, 0.00706695, -5.64449, 100.19, -4.04625
21.7501, 5599.85, 1950, 0.00706695, -5.64449, 100.19, -4.04625
21.7601, 5599.85, 1950, 0.00705695, -5.64449, 100.19, -4.04625
21.7701, 5599.85, 1950, 0.00705695, -5.64449, 100.19, -4.04625
21.7801, 5599.85, 1950, 0.0079189, -5.64449, 100.19, -4.04625
21.7901, 5599.85, 1950, 0.0079189, -5.64449, 100.19, -4.04625
21.8001, 5599.85, 1950, 0.00737516, -5.64449, 100.19, -4.53719
21.8101, 5599.85, 1950, 0.00737516, -5.64449, 100.19, -4.53719
21.8201, 5599.85, 1950, 0.00684914, -5.64449, 100.19, -4.53719
21.8301, 5599.85, 1950, 0.00684914, -5.64449, 100.19, -4.53719
21.8401, 5599.85, 1950, 0.00813609, -5.64449, 100.19, -4.53719
21.8501, 5599.85, 1950, 0.00813609, -5.64449, 100.19, -4.53719
21.8601, 5599.85, 1950, 0.00814576, -5.64449, 100.19, -4.66718
21.8701, 5599.85, 1950, 0.00814576, -5.64449, 100.19, -4.66718
21.8801, 5599.85, 1950, 0.0081498, -5.64449, 100.19, -4.66718
21.8901, 5599.85, 1950, 0.0081498, -5.64449, 100.19, -4.66718
21.9001, 5599.85, 1950, 0.00877111, -5.64449, 100.19, -4.66718
21.9101, 5599.85, 1950, 0.00877111, -5.64449, 100.19, -4.66718
21.9201, 5599.85, 1950, 0.00931653, -5.64449, 100.19, -4.66718
21.9301, 5599.85, 1950, 0.00931653, -5.64449, 100.19, -5.33798
21.9401, 5599.85, 1950, 0.00933254, -5.64449, 100.19, -5.33798
21.9501, 5599.85, 1950, 0.00933254, -5.64449, 100.19, -5.33798
21.9601, 5599.85, 1950, 0.00938342, -5.64449, 100.19, -5.33798
21.9701, 5599.85, 1950, 0.00938342, -5.64449, 100.19, -5.33798
21.9801, 5599.85, 1950, 0.00969947, -5.64449, 100.19, -5.33798
21.9901, 5599.85, 1950, 0.00969947, -5.64449, 100.19, -5.33798
22.0001, 5599.85, 1950, 0.00966102, -5.64449, 100.19, -5.55739
22.0101, 5599.85, 1950, 0.00966102, -5.64449, 100.19, -5.55739
22.0201, 5599.85, 1950, 0.00994369, -5.64449, 100.19, -5.55739
22.0301, 5599.85, 1950, 0.00994369, -5.64449, 100.19, -5.55739
22.0401, 5599.85, 1950, 0.0109071, -5.64449, 100.19, -5.55739
22.0501, 5599.85, 1950, 0.0109071, -5.64449, 100.19, -5.55739
22.0601, 5599.85, 1950, 0.0112982, -5.64449, 100.19, -6.4734
22.0701, 5599.85, 1950, 0.0112982, -5.64449, 100.19, -6.4734
22.0801, 5599.85, 1950, 0.0113207, -5.64449, 100.19, -6.4734
22.0901, 5599.85, 1950, 0.0113207, -5.64449, 100.19, -6.4734
22.1001, 5599.85, 1950, 0.0113515, -5.64449, 100.19, -6.4734
22.1101, 5599.85, 1950, 0.0113515, -5.64449, 100.19, -6.4734
22.1201, 5599.85, 1950, 0.0107962, -5.64449, 100.19, -6.4734
22.1301, 5599.85, 1950, 0.0107962, -5.64449, 100.19, -6.18579
22.1401, 5599.85, 1950, 0.0107322, -5.64449, 100.19, -6.18579
22.1501, 5599.85, 1950, 0.0107322, -5.64449, 100.19, -6.18579
22.1601, 5599.85, 1950, 0.0114913, -5.64449, 100.19, -6.18579
22.1701, 5599.85, 1950, 0.0114913, -5.64449, 100.19, -6.18579
22.1801, 5599.85, 1950, 0.0114775, -5.64449, 100.19, -6.18579
22.1901, 5599.85, 1950, 0.0114775, -5.64449, 100.19, -6.18579
22.2001, 5599.85, 1950, 0.0123818, -5.64449, 100.19, -6.57612
22.2101, 5599.85, 1950, 0.0123818, -5.64449, 100.19, -6.57612
22.2201, 5599.85, 1950, 0.0126963, -5.64449, 100.19, -6.57612
22.2301, 5599.85, 1950, 0.0126963, -5.64449, 100.19, -6.57612
22.2401, 5599.85, 1950, 0.0131694, -5.64449, 100.19, -6.57612
22.2501, 5599.85, 1950, 0.0131694, -5.64449, 100.19, -6.57612
22.2601, 5599.85, 1950, 0.0141812, -5.64449, 100.19, -8.12525
22.2701, 5599.85, 1950, 0.0141812, -5.64449, 100.19, -8.12525
22.2801, 5599.85, 1950, 0.0145794, -5.64449, 100.19, -8.12525
22.2901, 5599.85, 1950, 0.0145794, -5.64449, 100.19, -8.12525
22.3001, 5599.85, 1950, 0.0145666, -5.64449, 100.19, -8.12525
22.3101, 5599.85, 1950, 0.0145666, -5.64449, 100.19, -8.12525
22.3201, 5599.85, 1950, 0.0140265, -5.64449, 100.19, -8.12525
22.3301, 5599.85, 1950, 0.0140265, -5.64449, 100.19, -8.0366
22.3401, 5599.85, 1950, 0.0149179, -5.64449, 100.19, -8.0366
22.3501, 5599.85, 1950, 0.0149179, -5.64449, 100.19, -8.0366
22.3601, 5599.85, 1950, 0.0149119, -5.64449, 100.19, -8.0366
22.3701, 5599.85, 1950, 0.0149119, -5.64449, 100.19, -8.0366
22.3801, 5599.85, 1950, 0.0146781, -5.64449, 100.19, -8.0366
22.3901, 5599.85, 1950, 0.0146781, -5.64449, 100.19, -8.0366
22.4001, 5599.85, 1950, 0.0152764, -5.64449, 100.19, -8.40992
22.4101, 5599.85, 1950, 0.0152764, -5.64449, 100.19, -8.40992
22.4201, 5599.85, 1950, 0.0152942, -5.64449, 100.19, -8.40992
22.4301, 5599.85, 1950, 0.0152942, -5.64449, 100.19, -8.40992
22.4401, 5599.85, 1950, 0.0156279, -5.64449, 100.19, -8.40992
22.4501, 5599.85, 1950, 0.0156279, -5.64449, 100.19, -8.40992
22.4601, 5599.85, 1950, 0.0159245, -5.64449, 100.19, -9.12406
22.4701, 5599.85, 1950, 0.0159245, -5.64449, 100.19, -9.12406
22.4802, 5599.85, 1950, 0.015927, -5.64449, 100.19, -9.12406
22.4901, 5599.85, 1950, 0.015927, -5.64449, 100.19, -9.12406
22.5001, 5599.85, 1950, 0.0159335, -5.64449, 100.19, -9.12406
22.5101, 5599.85, 1950, 0.0159335, -5.64449, 100.19, -9.12406
22.5201, 5599.85, 1950, 0.0159742, -5.64449, 100.19, -9.12406
22.5301, 5599.85, 1950, 0.0159742, -5.64449, 100.19, -9.15256
22.5401, 5599.85, 1950, 0.0162371, -5.64449, 100.19, -9.15256
22.5501, 5599.85, 1950, 0.0162371, -5.64449, 100.19, -9.15256
22.5601, 5599.85, 1950, 0.0164869, -5.64449, 100.19, -9.15256
22.5701, 5599.85, 1950, 0.0164869, -5.64449, 100.19, -9.15256
22.5801, 5599.85, 1950, 0.0167749, -5.64449, 100.19, -9.15256
22.5901, 5599.85, 1950, 0.0167749, -5.64449, 100.19, -9.15256
22.6001, 5599.85, 1950, 0.0171139, -5.64449, 100.19, -9.61131
22.6101, 5599.85, 1950, 0.0171139, -5.64449, 100.19, -9.61131
22.6201, 5599.85, 1950, 0.0171369, -5.64449, 100.19, -9.61131
22.6301, 5599.85, 1950, 0.0171369, -5.64449, 100.19, -9.61131
22.6401, 5599.85, 1950, 0.0173955, -5.64449, 100.19, -9.61131
22.6501, 5599.85, 1950, 0.0173955, -5.64449, 100.19, -9.61131
22.6601, 5599.85, 1950, 0.0169317, -5.64449, 100.19, -9.70115
22.6701, 5599.85, 1950, 0.0169317, -5.64449, 100.19, -9.70115
22.6801, 5599.85, 1950, 0.0169808, -5.64449, 100.19, -9.70115
22.6901, 5599.85, 1950, 0.0169808, -5.64449, 100.19, -9.70115
22.7001, 5599.85, 1950, 0.0170424, -5.64449, 100.19, -9.70115
22.7101, 5599.85, 1950, 0.0170424, -5.64449, 100.19, -9.70115
22.7201, 5599.85, 1950, 0.0171154, -5.64449, 100.19, -9.70115
22.7301, 5599.85, 1950, 0.0171154, -5.64449, 100.19, -9.80637
22.7401, 5599.85, 1950, 0.0171341, -5.64449, 100.19, -9.80637
22.7501, 5599.85, 1950, 0.0171341, -5.64449, 100.19, -9.80637
22.7601, 5599.85, 1950, 0.0171476, -5.64449, 100.19, -9.80637
22.7701, 5599.85, 1950, 0.0171476, -5.64449, 100.19, -9.80637
22.7801, 5599.85, 1950, 0.0171736, -5.64449, 100.19, -9.80637
22.7901, 5599.85, 1950, 0.0171736, -5.64449, 100.19, -9.80637
22.8001, 5599.85, 1950, 0.0165707, -5.64449, 100.19, -9.83978
22.8101, 5599.85, 1950, 0.0165707, -5.64449, 100.19, -9.83978
22.8201, 5599.85, 1950, 0.0161118, -5.64449, 100.19, -9.83978
22.8301, 5599.85, 1950, 0.0161118, -5.64449, 100.19, -9.83978
22.8401, 5599.85, 1950, 0.0146697, -5.64449, 100.19, -9.83978
22.8501, 5599.85, 1950, 0.0146697, -5.64449, 100.19, -9.83978
22.8601, 5599.85, 1950, 0.0146851, -5.64449, 100.19, -8.41394
22.8701, 5599.85, 1950, 0.0146851, -5.64449, 100.19, -8.41394
22.8801, 5599.85, 1950, 0.0152806, -5.64449, 100.19, -8.41394
22.8901, 5599.85, 1950, 0.0152806, -5.64449, 100.19, -8.41394
22.9001, 5599.85, 1950, 0.0159237, -5.64449, 100.19, -8.41394
22.9101, 5599.85, 1950, 0.0159237, -5.64449, 100.19, -8.41394
22.9201, 5599.85, 1950, 0.0153331, -5.64449, 100.19, -8.41394
22.9301, 5599.85, 1950, 0.0153331, -5.64449, 100.19, -8.78522
22.9401, 5599.85, 1950, 0.0153684, -5.64449, 100.19, -8.78522
22.9501, 5599.85, 1950, 0.0153684, -5.64449, 100.19, -8.78522
22.9601, 5599.85, 1950, 0.0157072, -5.64449, 100.19, -8.78522
22.9701, 5599.85, 1950, 0.0157072, -5.64449, 100.19, -8.78522
22.9801, 5599.85, 1950, 0.0166612, -5.64449, 100.19, -8.78522
22.9901, 5599.85, 1950, 0.0166612, -5.64449, 100.19, -8.78522
23.0001, 5599.85, 1950, 0.0167255, -5.64449, 100.19, -9.54616
23.0101, 5599.85, 1950, 0.0167255, -5.64449, 100.19, -9.54616
23.0201, 5599.85, 1950, 0.0162003, -5.64449, 100.19, -9.54616
23.0301, 5599.85, 1950, 0.0162003, -5.64449, 100.19, -9.54616
23.0401, 5599.85, 1950, 0.0163978, -5.64449, 100.19, -9.54616
23.0501, 5599.85, 1950, 0.0163978, -5.64449, 100.19, -9.54616
23.0601, 5599.85, 1950, 0.0171886, -5.64449, 100.19, -9.84832
23.0701, 5599.85, 1950, 0.0171886, -5.64449, 100.19, -9.84832
23.0801, 5599.85, 1950, 0.0178517, -5.64449, 100.19, -9.84832
23.0901, 5599.85, 1950, 0.0178517, -5.64449, 100.19, -9.84832
23.1001, 5599.85, 1950, 0.0182132, -5.64449, 100.19, -9.84832
23.1101, 5599.85, 1950, 0.0182132, -5.64449, 100.19, -9.84832
23.1201, 5599.85, 1950, 0.0182269, -5.64449, 100.19, -9.84832
23.1301, 5599.85, 1950, 0.0182269, -5.64449, 100.19, -10.4432
23.1401, 5599.85, 1950, 0.018825, -5.64449, 100.19, -10.4432
23.1501, 5599.85, 1950, 0.018825, -5.64449, 100.19, -10.4432
23.1601, 5599.85, 1950, 0.0194187, -5.64449, 100.19, -10.4432
23.1701, 5599.85, 1950, 0.0194187, -5.64449, 100.19, -10.4432
23.1801, 5599.85, 1950, 0.0187932, -5.64449, 100.19, -10.4432
23.1901, 5599.85, 1950, 0.0187932, -5.64449, 100.19, -10.4432
23.2003, 5599.85, 1950, 0.0180074, -5.64449, 100.19, -10.7677
23.2101, 5599.85, 1950, 0.0180074, -5.64449, 100.19, -10.7677
23.2201, 5599.85, 1950, 0.0179934, -5.64449, 100.19, -10.7677
23.2301, 5599.85, 1950, 0.0179934, -5.64449, 100.19, -10.7677
23.2401, 5599.85, 1950, 0.0186111, -5.64449, 100.19, -10.7677
23.2501, 5599.85, 1950, 0.0186111, -5.64449, 100.19, -10.7677
23.2601, 5599.85, 1950, 0.0186145, -5.64449, 100.19, -10.6653
23.2701, 5599.85, 1950, 0.0186145, -5.64449, 100.19, -10.6653
23.2801, 5599.85, 1950, 0.0192119, -5.64449, 100.19, -10.6653
23.2901, 5599.85, 1950, 0.0192119, -5.64449, 100.19, -10.6653
23.3001, 5599.85, 1950, 0.0174623, -5.64449, 100.19, -10.6653
23.3101, 5599.85, 1950, 0.0174623, -5.64449, 100.19, -10.6653
23.3201, 5599.85, 1950, 0.0175059, -5.64449, 100.19, -10.6653
23.3301, 5599.85, 1950, 0.0175059, -5.64449, 100.19, -10.0302
23.3401, 5599.85, 1950, 0.0175187, -5.64449, 100.19, -10.0302
23.3501, 5599.85, 1950, 0.0175187, -5.64449, 100.19, -10.0302
23.3601, 5599.85, 1950, 0.0175187, -5.64449, 100.19, -10.0302
23.3701, 5599.85, 1950, 0.0175187, -5.64449, 100.19, -10.0302
23.3801, 5599.85, 1950, 0.0175187, -5.64449, 100.19, -10.0302
23.3901, 5599.85, 1950, 0.0175187, -5.64449, 100.19, -10.0302
23.4001, 5599.85, 1950, 0.0175187, -5.64449, 100.19, -10.0302
23.4101, 5599.85, 1950, 0.0175187, -5.64449, 100.19, -10.0302
23.4201, 5599.85, 1950, 0.0175187, -5.64449, 100.19, -10.0302
23.4301, 5599.85, 1950, 0.0175187, -5.64449, 100.19, -10.0302
23.4401, 5599.85, 1950, 0.0175187, -5.64449, 100.19, -10.0302
23.4501, 5599.85, 1950, 0.0175187, -5.64449, 100.19, -10.0302
23.4601, 5599.85, 1950, 0.0175187, -5.64449, 100.19, -10.0302
23.4701, 5599.85, 1950, 0.0175187, -5.64449, 100.19, -10.0302
23.4801, 5599.85, 1950, 0.0175187, -5.64449, 100.19, -10.0302
23.4901, 5599.85, 1950, 0.0175187, -5.64449, 100.19, -10.0302
23.5001, 5599.85, 1950, 0.0175187, -5.64449, 100.19, -10.0302
23.5101, 5599.85, 1950, 0.0175187, -5.64449, 100.19, -10.0302
23.5201, 5599.85, 1950, 0.0175187, -5.64449, 100.19, -10.0302
23.5301, 5599.85, 1950, 0.0175187, -5.64449, 100.19, -10.0302
23.5401, 5599.85, 1950, 0.0175187, -5.64449, 100.19, -10.0302
23.5501, 5599.85, 1950, 0.0175187, -5.64449, 100.19, -10.0302
23.5601, 5599.85, 1950, 0.0175187, -5.64449, 100.19, -10.0302
23.5701, 5599.85, 1950, 0.0175187, -5.64449, 100.19, -10.0302
23.5801, 5599.85, 1950, 0.0175187, -5.64449, 100.19, -10.0302
23.5901, 5599.85, 1950, 0.0175187, -5.64449, 100.19, -10.0302
23.6001, 5599.85, 1950, 0.0175187, -5.64449, 100.19, -10.0302
23.6101, 5599.85, 1950, 0.0175187, -5.64449, 100.19, -10.0302
